"Index","CPALL.BK.Open","CPALL.BK.High","CPALL.BK.Low","CPALL.BK.Close","CPALL.BK.Volume","CPALL.BK.Adjusted"
"2015-01-05",42.25,43,41.5,42.5,11246900,39.724861
"2015-01-06",41.75,42.5,41,42.25,12635300,39.491184
"2015-01-07",42.5,43.25,42.5,43.25,11090200,40.425884
"2015-01-08",43.5,43.75,43,43.25,11568700,40.425884
"2015-01-09",43,43.25,42,42.25,10212100,39.491184
"2015-01-12",42.25,43.25,42,42.75,7094900,39.958534
"2015-01-13",42.25,43.5,42,43,11606100,40.192207
"2015-01-14",43.5,43.75,42.75,42.75,12478200,39.958534
"2015-01-15",43.5,43.75,43,43,11647000,40.192207
"2015-01-16",42.75,43.25,42.75,43,6160000,40.192207
"2015-01-19",43.25,43.25,42.25,43,4555600,40.192207
"2015-01-20",43,43,41.5,41.5,13757500,38.790157
"2015-01-21",41.75,42.25,41.5,42,7926600,39.257504
"2015-01-22",42.25,43,42,42.25,12495500,39.491184
"2015-01-23",42.5,43,42,42.5,11266000,39.724861
"2015-01-26",42.75,43,41.75,42,8066400,39.257504
"2015-01-27",42,42.5,41.5,41.75,10662600,39.02383
"2015-01-28",42,42.5,41,41.25,12647200,38.55648
"2015-01-29",41.75,41.75,41,41.25,7022800,38.55648
"2015-01-30",41.75,42,41.25,41.5,8409800,38.790157
"2015-02-02",41.75,42,41.25,41.75,8092500,39.02383
"2015-02-03",41.75,42.5,41.5,42.25,11941800,39.491184
"2015-02-04",42.5,42.75,42,42.25,12169800,39.491184
"2015-02-05",42.25,42.5,41.5,42,11759200,39.257504
"2015-02-06",42,42.5,41.75,42,17665800,39.257504
"2015-02-09",41.75,42,41.25,41.5,9189700,38.790157
"2015-02-10",41.25,41.75,41.25,41.25,5427100,38.55648
"2015-02-11",41.25,41.75,40.5,41.25,11398100,38.55648
"2015-02-12",41.25,41.75,40.75,41.75,4951100,39.02383
"2015-02-13",41.25,41.5,41,41.5,6510800,38.790157
"2015-02-16",41.25,41.5,41,41,6784400,38.322807
"2015-02-17",41,41.5,40.75,40.75,6477800,38.089127
"2015-02-18",40.5,41,40.5,41,8881700,38.322807
"2015-02-19",41.25,41.25,40,40,10590300,37.3881
"2015-02-20",40.25,40.5,39.75,40.25,7695100,37.62178
"2015-02-23",40.5,41,40.25,40.5,6297500,37.855453
"2015-02-24",40.5,40.75,40.25,40.5,5283900,37.855453
"2015-02-25",40.75,40.75,40,40.5,15956200,37.855453
"2015-02-26",40.75,41,40.25,40.75,14287900,38.089127
"2015-02-27",40.75,40.75,39.75,40,13468700,37.3881
"2015-03-02",40,40.25,39.25,39.5,9652800,36.92075
"2015-03-03",40.25,40.5,39.5,39.5,12947300,36.92075
"2015-03-05",39.5,40,38.75,39.5,20715600,36.92075
"2015-03-06",39.75,40,39,39.5,17637200,36.92075
"2015-03-09",39.25,39.5,38,38,28648900,35.5187
"2015-03-10",38.25,39,38,38.25,18068900,35.752377
"2015-03-11",38.25,39.25,38,39,13313400,36.453403
"2015-03-12",38.75,39.25,38,38.75,25021400,36.219723
"2015-03-13",38.75,39.25,38.25,39,12675400,36.453403
"2015-03-16",38.75,39,38.5,38.5,12423400,35.986046
"2015-03-17",38.75,38.75,38,38.25,11724400,35.752377
"2015-03-18",38,38.5,38,38.25,13471800,35.752377
"2015-03-19",38.25,38.25,38,38.25,10737200,35.752377
"2015-03-20",38.25,38.5,37.75,38.25,15621700,35.752377
"2015-03-23",38.25,38.25,37.75,38.25,6323000,35.752377
"2015-03-24",38,38.25,37.75,38,12418300,35.5187
"2015-03-25",38,38.25,37.75,38,11202200,35.5187
"2015-03-26",38,38.25,37.5,37.5,11538000,35.051346
"2015-03-27",37.75,38,37.5,38,11524600,35.5187
"2015-03-30",38.25,40.25,38,40,32273700,37.3881
"2015-03-31",40.5,41,40,41,24394900,38.322807
"2015-04-01",40.75,41.75,40.25,41.75,17072400,39.02383
"2015-04-02",41.5,41.5,39.75,40,15193400,37.3881
"2015-04-03",40,40.5,39.75,40.25,3746500,37.62178
"2015-04-07",41,42.5,40.75,42,26394800,39.257504
"2015-04-08",42,42.5,41.5,42,21547900,39.257504
"2015-04-09",42,42.5,41.5,42.25,21746600,39.491184
"2015-04-10",42.25,42.75,42,42.75,14841900,39.958534
"2015-04-16",43,43,42.25,42.75,29753900,39.958534
"2015-04-17",42.75,42.75,42,42,9452600,39.257504
"2015-04-20",42.25,42.75,41.75,42.5,9594400,39.724861
"2015-04-21",42.5,43,42,42.75,20409100,39.958534
"2015-04-22",42.5,42.75,42.25,42.25,12615400,39.491184
"2015-04-23",42.5,43.5,42.25,43.25,33602600,40.425884
"2015-04-24",43.5,44.75,43.5,44,39177300,41.126915
"2015-04-27",43.75,43.75,43.25,43.25,11625000,40.425884
"2015-04-28",43.25,43.25,42.5,42.75,11522400,39.958534
"2015-04-29",41.75,42.5,41.5,41.75,31070300,39.768028
"2015-04-30",41.25,42.25,40.75,42,19000800,40.006161
"2015-05-04",42,42,42,42,0,40.006161
"2015-05-06",42.25,42.25,41.5,42.25,24201100,40.244297
"2015-05-07",42.25,42.5,41.5,41.75,14493700,39.768028
"2015-05-08",42,43,42,42.75,18035000,40.720558
"2015-05-11",42.75,43.25,42.5,43,11164000,40.958691
"2015-05-12",43,43,41.75,42.5,18793600,40.482426
"2015-05-13",44.75,45.25,44.25,44.5,81575900,42.387478
"2015-05-14",44.75,45.25,44.5,44.75,30878500,42.625614
"2015-05-15",45,46.25,45,46,30166900,43.816269
"2015-05-18",46,46,45,45.5,6004300,43.340012
"2015-05-19",45.5,45.75,45.25,45.5,11711200,43.340012
"2015-05-20",47,48.5,46.75,46.75,56896800,44.53067
"2015-05-21",47,48,46.75,47,15495600,44.768803
"2015-05-22",47.75,48.5,47.25,47.25,29710200,45.006927
"2015-05-25",47,47,45.75,46.25,10653600,44.054405
"2015-05-26",45.75,46.75,45.75,45.75,9488900,43.57814
"2015-05-27",45.75,46.25,45.25,45.75,17370100,43.57814
"2015-05-28",45.75,46,44.75,45.75,21603300,43.57814
"2015-05-29",45.5,46.25,45.5,45.75,15779700,43.57814
"2015-06-02",45.25,45.75,44.5,44.75,18891400,42.625614
"2015-06-03",44.75,45.25,44.75,45,9503900,42.863747
"2015-06-04",45,46.25,44.5,46.25,11414300,44.054405
"2015-06-05",46.25,46.5,45.75,46,8607600,43.816269
"2015-06-08",45.75,46,45.25,46,7705000,43.816269
"2015-06-09",46,46.25,45.5,45.5,9941300,43.340012
"2015-06-10",45.5,46.25,45.5,46,7980000,43.816269
"2015-06-11",46.5,47,46.25,47,15396200,44.768803
"2015-06-12",47,48,46.75,46.75,20664700,44.53067
"2015-06-15",46.75,46.75,46,46.25,7417700,44.054405
"2015-06-16",46,46.5,45.75,46.25,6414200,44.054405
"2015-06-17",46.25,47,45.75,46.5,11440800,44.292538
"2015-06-18",46.5,46.75,46,46.25,3182700,44.054405
"2015-06-19",46,46.25,45,45,16088200,42.863747
"2015-06-22",45,46.75,45,46.25,6328600,44.054405
"2015-06-23",46.5,46.75,45.75,45.75,9609400,43.57814
"2015-06-24",46,46.25,45.75,46,9738000,43.816269
"2015-06-25",46,46.25,45.75,45.75,12260700,43.57814
"2015-06-26",46,46.25,45.75,46,4893300,43.816269
"2015-06-29",45.25,46,45.25,46,12897000,43.816269
"2015-06-30",45.75,46.5,45.5,46.25,16651200,44.054405
"2015-07-02",45.75,46.75,45.5,46.75,14057100,44.53067
"2015-07-03",46.5,46.75,46,46,5834100,43.816269
"2015-07-06",45.75,46.25,45.5,45.75,6168500,43.57814
"2015-07-07",45.75,46,45,45.75,11843500,43.57814
"2015-07-08",45.25,46,45,45.5,12430500,43.340012
"2015-07-09",45.25,46,45,45.75,5785100,43.57814
"2015-07-10",46.5,46.5,46,46.5,8743800,44.292538
"2015-07-13",46.5,46.5,46,46.5,3559500,44.292538
"2015-07-14",46.25,46.75,46.25,46.25,7888500,44.054405
"2015-07-15",46.25,47,46.25,46.75,9153500,44.53067
"2015-07-16",46.5,46.75,46.25,46.75,10378700,44.53067
"2015-07-17",46.75,46.75,46.25,46.25,2777500,44.054405
"2015-07-20",46.25,46.5,45.5,45.75,5443600,43.57814
"2015-07-21",45.75,46,45.5,45.75,5607500,43.57814
"2015-07-22",45.5,46.25,45.25,46,8946700,43.816269
"2015-07-23",46,46.75,46,46.5,9880000,44.292538
"2015-07-24",46.25,46.5,46,46.5,5987200,44.292538
"2015-07-27",46.25,46.75,45.75,45.75,12768400,43.57814
"2015-07-28",46,46.25,45,45.25,14948300,43.101875
"2015-07-29",45.75,47.25,45.25,47,20759100,44.768803
"2015-07-31",47.75,48.5,47.5,48,40427300,45.721329
"2015-08-03",47.5,48.75,47.5,47.75,20891100,45.483196
"2015-08-04",48,48,47.5,47.75,11753000,45.483196
"2015-08-05",48,49.25,48,48.75,24274900,46.435722
"2015-08-06",49,49,48.25,48.75,14586000,46.435722
"2015-08-07",48.5,48.75,48.25,48.25,8533100,45.959461
"2015-08-10",48.25,48.25,47.75,48.25,10127000,45.959461
"2015-08-11",48.75,50,48.5,49.75,27985600,47.388252
"2015-08-13",50,50.5,49.25,50.5,23763800,48.102646
"2015-08-14",50.5,50.75,49.75,50.5,13910000,48.102646
"2015-08-17",50.5,51.25,50,50.25,18113300,47.864513
"2015-08-18",48.5,49.25,48,49.25,44803000,46.911987
"2015-08-19",49,49.5,48.25,48.5,19271100,46.197594
"2015-08-20",48.25,48.5,47.75,48,17909300,45.721329
"2015-08-21",47.75,48,47.25,47.5,14628800,45.245064
"2015-08-24",46.25,47,45.25,46.5,28499000,44.292538
"2015-08-25",47.5,48,46.5,47.5,21607300,45.245064
"2015-08-26",47,47.75,46.75,47,24201500,44.768803
"2015-08-27",47.75,49.5,47.25,49.25,34110800,46.911987
"2015-08-28",49.25,49.75,48.75,49.75,8936300,47.388252
"2015-08-31",49,51,49,51,22178200,48.578911
"2015-09-01",50.75,51,49.75,50.5,21718400,48.102646
"2015-09-02",50.75,51.75,50.25,51.25,22907100,48.817043
"2015-09-03",51.25,51.25,50.25,50.25,16314600,47.864513
"2015-09-04",50,50.5,49,49.25,20152200,46.911987
"2015-09-07",49.25,50.25,49.25,50,12754500,47.626389
"2015-09-08",50,50.5,49.5,50.5,9700900,48.102646
"2015-09-09",50.75,50.75,49.75,50,13042100,47.626389
"2015-09-10",50,50.5,49.5,50.25,9430800,47.864513
"2015-09-11",50.25,50.75,49.25,49.25,15170000,46.911987
"2015-09-14",49.25,50,49,50,10854500,47.626389
"2015-09-15",49.5,50,49,49.25,10287400,46.911987
"2015-09-16",49.5,50,49,49.5,14395500,47.15012
"2015-09-17",49.75,50,49.25,49.75,12961200,47.388252
"2015-09-18",50,50,49.25,49.5,19341200,47.15012
"2015-09-21",49.25,50,49.25,49.5,13325500,47.15012
"2015-09-22",49.75,49.75,49,49.25,13174400,46.911987
"2015-09-23",49,49.5,48.75,49,13418500,46.673855
"2015-09-24",49,50,49,49.25,19429500,46.911987
"2015-09-25",49.25,49.75,48.75,49.75,20931300,47.388252
"2015-09-28",49,49.25,48.25,48.25,24602500,45.959461
"2015-09-29",48.25,48.25,47,47.5,33089400,45.245064
"2015-09-30",47.5,47.75,47.25,47.75,27786800,45.483196
"2015-10-01",47.75,49.5,47.5,49,16955200,46.673855
"2015-10-02",49.25,49.75,48.75,49,15072200,46.673855
"2015-10-05",49.5,50,49.25,50,15532600,47.626389
"2015-10-06",49.75,50.25,49.5,50.25,11704400,47.864513
"2015-10-07",50,50.5,49.75,50.5,20544400,48.102646
"2015-10-08",50.25,51.25,50,50.5,23917200,48.102646
"2015-10-09",50.75,51.25,50.25,50.25,15653100,47.864513
"2015-10-12",50.25,50.5,49.75,50,12766000,47.626389
"2015-10-13",50.25,50.25,49.75,50.25,11201100,47.864513
"2015-10-14",50,50.25,49.5,49.75,8957200,47.388252
"2015-10-15",50,50.25,49.5,49.5,16453100,47.15012
"2015-10-16",49.5,49.75,49.25,49.75,13328300,47.388252
"2015-10-19",49.5,50.25,49.5,49.75,10076600,47.388252
"2015-10-20",50,50.25,49.75,50,17497800,47.626389
"2015-10-21",50.25,50.5,49.5,49.75,10398500,47.388252
"2015-10-22",49.5,50,49.5,49.75,4947900,47.388252
"2015-10-26",50,50.5,49.75,50,18648100,47.626389
"2015-10-27",49.75,50,49.25,49.75,11082700,47.388252
"2015-10-28",49.5,49.75,49.5,49.75,6191500,47.388252
"2015-10-29",49.5,50.25,49.5,50,16591100,47.626389
"2015-10-30",49.75,50.5,49.5,50,26945200,47.626389
"2015-11-02",50,50,49.75,50,8418200,47.626389
"2015-11-03",50.25,50.25,49.75,50.25,7554300,47.864513
"2015-11-04",50,50.25,49.5,50,14068600,47.626389
"2015-11-05",50,50,49.5,49.75,9831700,47.388252
"2015-11-06",49.75,50,49.5,49.75,4803900,47.388252
"2015-11-09",49.5,49.75,49,49,11031800,46.673855
"2015-11-10",49,49.25,48.75,49,13010300,46.673855
"2015-11-11",48.75,50,48.75,49.75,13111500,47.388252
"2015-11-12",49.75,50.25,49.5,50,16317400,47.626389
"2015-11-13",50,50.25,49.5,49.5,8686000,47.15012
"2015-11-16",49.5,50,49.5,50,12744700,47.626389
"2015-11-17",50,50,49.5,49.75,16220200,47.388252
"2015-11-18",49.75,50,49.25,49.25,14802500,46.911987
"2015-11-19",49.25,49.75,49.25,49.5,10099700,47.15012
"2015-11-20",49.75,50,49.5,49.75,7278900,47.388252
"2015-11-23",49.75,49.75,49.25,49.25,6378800,46.911987
"2015-11-24",49.25,49.5,49,49,11485600,46.673855
"2015-11-25",49,49.25,48,48.5,20894300,46.197594
"2015-11-26",48.5,48.75,47,48,21841800,45.721329
"2015-11-27",48,48,47.25,47.5,13565500,45.245064
"2015-11-30",47.25,47.5,46.5,47,39739000,44.768803
"2015-12-01",47,47,46.25,47,18052300,44.768803
"2015-12-02",46.75,47.5,46.25,46.75,25284400,44.53067
"2015-12-03",43,44.75,42.5,44.25,160712500,42.149349
"2015-12-04",43.75,44,42.75,43,84498400,40.958691
"2015-12-08",43.25,43.75,41,41,60213500,39.053635
"2015-12-09",41.25,42.25,40,41,68147300,39.053635
"2015-12-11",41.25,42.25,41,41.75,49771700,39.768028
"2015-12-14",41.25,41.75,40.25,41.75,78434300,39.768028
"2015-12-15",42,42.25,41.5,41.5,43886300,39.5299
"2015-12-16",41.75,42,41.5,41.75,28020100,39.768028
"2015-12-17",41.75,43,41.25,43,41371800,40.958691
"2015-12-18",42.5,42.75,42,42,23471300,40.006161
"2015-12-21",42,42,40,40.25,50082700,38.339237
"2015-12-22",40.25,41.5,40,41.25,34543600,39.291767
"2015-12-23",41.25,41.5,40.75,41.25,16318300,39.291767
"2015-12-24",41.5,41.5,40.75,41,11170400,39.053635
"2015-12-25",41,41,40,40.5,13627100,38.57737
"2015-12-28",40.5,41,40,40,17870400,38.101105
"2015-12-29",40,40.5,39.5,39.5,25225800,37.624844
"2015-12-30",39.5,40,39,39.25,16589900,37.386711
"2016-01-04",39.25,40,39,39,15918200,37.148579
"2016-01-05",39.5,40.5,39.25,40.25,26932400,38.339237
"2016-01-06",40.5,41.75,40.5,41,26179400,39.053635
"2016-01-07",40,41,40,40,18699800,38.101105
"2016-01-08",40.25,41.75,40,41.5,20330700,39.5299
"2016-01-11",41.25,41.75,40.75,41.5,21650000,39.5299
"2016-01-12",41.75,43,41.5,43,24015200,40.958691
"2016-01-13",43,43.25,42.25,42.5,21780800,40.482426
"2016-01-14",42,42.5,41.25,41.5,17723100,39.5299
"2016-01-15",41.75,41.75,41,41.5,11745600,39.5299
"2016-01-18",41,42,41,41.75,10901500,39.768028
"2016-01-19",41.75,42.5,41.75,42,18649100,40.006161
"2016-01-20",41.5,41.75,40.5,40.75,23764600,38.815502
"2016-01-21",41.25,41.5,39.25,39.75,27504100,37.862976
"2016-01-22",40.25,40.75,39.5,40.25,17746400,38.339237
"2016-01-25",40.5,41.5,40.5,41.5,20564200,39.5299
"2016-01-26",41,41.5,40.5,41,18181300,39.053635
"2016-01-27",41.25,41.25,40.5,41,12780400,39.053635
"2016-01-28",40.75,41,39.75,40.5,23147600,38.57737
"2016-01-29",40.5,41,40.25,40.75,17619700,38.815502
"2016-02-01",40.5,40.75,39.5,40.25,25840500,38.339237
"2016-02-02",40.5,42.25,40.25,42,70545500,40.006161
"2016-02-03",41.75,42.25,41.5,41.75,31844600,39.768028
"2016-02-04",42,42.5,41.75,42.5,37198600,40.482426
"2016-02-05",42,43,41.75,42.75,41669800,40.720558
"2016-02-08",42,42,40.75,41,25930400,39.053635
"2016-02-09",41,41,40.5,40.75,26894200,38.815502
"2016-02-10",40.75,41.25,40.25,41,15100200,39.053635
"2016-02-11",40.75,41.25,40.25,40.75,16887800,38.815502
"2016-02-12",40.5,41,40,40.25,32043900,38.339237
"2016-02-15",40.75,41,40.25,41,7766100,39.053635
"2016-02-16",41,41,40.5,40.5,7585900,38.57737
"2016-02-17",40.5,41,40.25,41,23067600,39.053635
"2016-02-18",40.75,41,40.5,40.75,19989900,38.815502
"2016-02-19",41,43,41,43,38647500,40.958691
"2016-02-23",43,43.5,42.5,42.75,35516300,40.720558
"2016-02-24",42.5,42.75,42.25,42.5,11153100,40.482426
"2016-02-25",42.75,44,42.5,44,28736800,41.911217
"2016-02-26",44.25,44.75,44,44.5,17547900,42.387478
"2016-02-29",44.5,45,43.25,43.25,29269800,41.196819
"2016-03-01",44.5,45,44,44.75,36272200,42.625614
"2016-03-02",45.5,47,45,46.25,39189600,44.054405
"2016-03-03",46.25,48.75,46.25,47.75,37463200,45.483196
"2016-03-04",48,48.5,46.25,47.5,29494600,45.245064
"2016-03-07",47.25,47.5,46.25,47,21377400,44.768803
"2016-03-08",46.25,47.25,45.25,45.75,24661600,43.57814
"2016-03-09",45.25,46.5,45.25,46.5,28943100,44.292538
"2016-03-10",46,46.25,45,45.25,17318400,43.101875
"2016-03-11",45.5,46.25,45.25,46,32140100,43.816269
"2016-03-14",46.25,46.75,45.75,46.25,20685200,44.054405
"2016-03-15",46.25,46.5,45.5,45.5,21997300,43.340012
"2016-03-16",45.5,46,44,44.25,32851600,42.149349
"2016-03-17",44.5,45.5,44.5,45.25,29506000,43.101875
"2016-03-18",45.5,45.75,45,45.25,24744800,43.101875
"2016-03-21",45.5,45.75,44.75,45.5,13788900,43.340012
"2016-03-22",46,46,44.25,44.75,35830600,42.625614
"2016-03-23",44.75,46,44.5,46,18928400,43.816269
"2016-03-24",45.75,46,45.5,45.5,16966400,43.340012
"2016-03-25",45.5,45.75,44.5,44.5,15056600,42.387478
"2016-03-28",44.5,45,44.25,44.75,9956300,42.625614
"2016-03-29",45,45.25,43.5,44,35025700,41.911217
"2016-03-30",44.75,45.75,44.5,45.75,35651700,43.57814
"2016-03-31",45.5,46,45.25,45.75,25114500,43.57814
"2016-04-01",45.75,46,45.5,45.75,17120400,43.57814
"2016-04-04",45.75,46.25,45.25,45.75,14999000,43.57814
"2016-04-05",45.25,45.5,44.5,44.75,44189000,42.625614
"2016-04-07",44.75,45.5,44.5,44.5,19448200,42.387478
"2016-04-08",44.75,44.75,43.75,44.5,25953400,42.387478
"2016-04-11",44.5,44.75,43.75,43.75,20659900,41.673084
"2016-04-12",44,44.5,43.75,44.25,24312400,42.149349
"2016-04-18",44.75,45.75,44.5,45.25,41756200,43.101875
"2016-04-19",45.5,46.25,45.5,46,33719300,43.816269
"2016-04-20",46,46.25,45.75,46,27696600,43.816269
"2016-04-21",46.25,46.75,45.75,46.25,27968500,44.054405
"2016-04-22",46,46.25,45.75,46,18909100,43.816269
"2016-04-25",46,46.25,45.75,46,13338400,43.816269
"2016-04-26",45.75,46.5,45.5,46,19481400,43.816269
"2016-04-27",46,46.25,45.5,46.25,21919500,44.054405
"2016-04-28",45.75,45.75,45,45.5,17331100,44.200123
"2016-04-29",45.75,45.75,45.25,45.75,6158000,44.442978
"2016-05-03",45.5,46.25,45.25,46,14956600,44.685833
"2016-05-04",46,46.75,45.75,46.5,19830600,45.171551
"2016-05-09",46.5,47.25,46.25,47,25870900,45.657269
"2016-05-10",47.25,48.5,47,48.25,41943300,46.871555
"2016-05-11",47.75,48,47.25,47.25,20665500,45.900124
"2016-05-12",48,48.5,47.5,48,24372700,46.6287
"2016-05-13",48.75,49,47.75,48,32909200,46.6287
"2016-05-16",48.25,49,48,49,26872600,47.600128
"2016-05-17",49,49.5,48.25,49,20767700,47.600128
"2016-05-18",49.5,49.75,48.25,49,22329100,47.600128
"2016-05-19",49,49.25,47.75,48,26407700,46.6287
"2016-05-23",48.5,48.5,47.75,48,22062200,46.6287
"2016-05-24",48,48.25,47.5,47.75,23345500,46.385841
"2016-05-25",48,48.25,47.75,48.25,19957100,46.871555
"2016-05-26",48.25,48.75,47.75,47.75,17065600,46.385841
"2016-05-27",48,48.25,47.5,48,10740700,46.6287
"2016-05-30",48.5,49.5,48,49,40371200,47.600128
"2016-05-31",49,49.75,48.75,49.75,78855200,48.328701
"2016-06-01",50,50,49,49,21133400,47.600128
"2016-06-02",49,49.5,49,49,13288200,47.600128
"2016-06-03",49.5,50,49.25,49.5,29213000,48.085846
"2016-06-06",49.75,50,49.25,49.25,31128300,47.842987
"2016-06-07",49.5,50.25,49.25,50,31792500,48.571564
"2016-06-08",50,50.25,49.75,49.75,15950000,48.328701
"2016-06-09",50.5,50.75,48.5,48.5,44950100,47.114414
"2016-06-10",48.25,48.75,48,48.25,37955400,46.871555
"2016-06-13",48,48,47.5,47.5,53966800,46.142982
"2016-06-14",47.5,47.75,47.5,47.75,38996500,46.385841
"2016-06-15",48,48.5,47.75,48.25,46713100,46.871555
"2016-06-16",48,48.5,48,48,21142900,46.6287
"2016-06-17",48.25,48.5,48,48.5,15465800,47.114414
"2016-06-20",48.5,48.75,47.5,48,23489100,46.6287
"2016-06-21",48.25,49.25,48,49,23207500,47.600128
"2016-06-22",49,49.25,48.25,48.25,12301400,46.871555
"2016-06-23",48.5,49.5,48.25,49.25,17102900,47.842987
"2016-06-24",48.25,49.25,48,49,25427700,47.600128
"2016-06-27",48.5,49,48.25,49,25099900,47.600128
"2016-06-28",49,49.75,48.75,49.25,27549900,47.842987
"2016-06-29",49.75,50.25,49.5,49.5,20305900,48.085846
"2016-06-30",50,50.5,49.75,50.25,22111100,48.814419
"2016-07-04",50.5,51.75,50.5,51.75,31771500,50.271564
"2016-07-05",51.75,52.5,51.25,51.25,22639500,49.785847
"2016-07-06",51.25,51.75,50.75,51.25,11821600,49.785847
"2016-07-07",51.25,52.5,51.25,51.5,23656600,50.028709
"2016-07-08",51.75,53,51.5,53,17240000,51.485855
"2016-07-11",52.75,53,51.75,51.75,32727800,50.271564
"2016-07-12",51.75,52.25,51.5,52,27306900,50.514423
"2016-07-13",52.25,52.5,51.75,52.5,13707800,51.000137
"2016-07-14",52.25,52.5,51.75,52,16642100,50.514423
"2016-07-15",52.25,52.5,51.75,51.75,16962500,50.271564
"2016-07-20",51.75,52,50.5,50.75,59781100,49.300137
"2016-07-21",50.75,51.25,50.75,51,23710100,49.542992
"2016-07-22",51.25,51.75,50.75,51.5,25563200,50.028709
"2016-07-25",52,52.5,51.75,52.25,28179600,50.757282
"2016-07-26",52,52.5,52,52,11510300,50.514423
"2016-07-27",52.25,52.75,52.25,52.5,16029600,51.000137
"2016-07-28",52.75,52.75,52,52,22882500,50.514423
"2016-07-29",52.25,52.5,51.5,51.75,25894100,50.271564
"2016-08-01",52,53,52,52.5,18463600,51.000137
"2016-08-02",52.5,52.75,52,52.25,13094400,50.757282
"2016-08-03",51.75,52.5,51,52,21709100,50.514423
"2016-08-04",52,52.25,51.75,52,11567600,50.514423
"2016-08-05",52.25,52.25,52,52,13991400,50.514423
"2016-08-08",53,53.5,52.75,53.25,22789400,51.728714
"2016-08-09",53.25,53.75,53.25,53.25,19107800,51.728714
"2016-08-10",53.5,54.75,53.5,54.75,23497000,53.18586
"2016-08-11",56.5,59.5,56.5,59.25,74696700,57.557301
"2016-08-15",58.75,60.5,58.5,59.25,41074500,57.557301
"2016-08-16",59.25,61,59,60.25,31325500,58.528728
"2016-08-17",60,60.75,59.25,59.75,19030200,58.043015
"2016-08-18",59.75,60.5,59.5,60.25,21120400,58.528728
"2016-08-19",60.25,60.25,59.75,60.25,14540100,58.528728
"2016-08-22",60.25,60.5,59.75,60.5,10451900,58.771591
"2016-08-23",59.25,60.5,58.75,59.75,31618900,58.043015
"2016-08-24",59.5,61.75,59.5,60.75,23404700,59.014446
"2016-08-25",61,62.75,60.75,62.25,30555300,60.471592
"2016-08-26",62,62.75,61.75,62,15443100,60.228737
"2016-08-29",61.75,62.25,61.5,61.75,17033000,59.985878
"2016-08-30",62,62.25,61.25,61.25,20431300,59.500164
"2016-08-31",61.5,62.75,61.25,62.25,33592100,60.471592
"2016-09-01",62,62.75,61.5,61.75,20676800,59.985878
"2016-09-02",62,62.5,61.75,61.75,19396000,59.985878
"2016-09-05",62,62.25,60.25,60.5,64825300,58.771591
"2016-09-06",60.5,61.25,60.25,60.5,28313600,58.771591
"2016-09-07",60.5,61.25,60.25,60.5,12078300,58.771591
"2016-09-08",60.5,60.75,59,59.25,47975200,57.557301
"2016-09-09",59.25,59.5,57,57.5,50179700,55.857296
"2016-09-12",57.25,57.75,56.75,56.75,28296000,55.128723
"2016-09-13",57.75,59,57.75,58.75,35703100,57.071583
"2016-09-14",58.75,59.75,58.5,58.75,19997700,57.071583
"2016-09-15",59,59.5,58.5,59.5,21509500,57.800156
"2016-09-16",58,58.75,57.75,58.5,57630900,56.828728
"2016-09-19",58.75,60.5,58.75,60.25,25509900,58.528728
"2016-09-20",60,60.5,59.5,60,13826700,58.285873
"2016-09-21",60.25,60.5,59.5,59.75,19475300,58.043015
"2016-09-22",60,62.5,60,61.75,28010500,59.985878
"2016-09-23",62,62.25,61,61.5,20182000,59.743019
"2016-09-26",61.5,62,61.25,61.5,14360400,59.743019
"2016-09-27",61.75,62.5,61.5,61.5,13198200,59.743019
"2016-09-28",61.25,61.75,60.5,60.75,14901200,59.014446
"2016-09-29",61.25,61.75,61,61.25,15994800,59.500164
"2016-09-30",61,61.5,60.75,61.5,15443500,59.743019
"2016-10-03",61.5,62.25,61,61,13915500,59.257301
"2016-10-04",61.25,62.25,61,62.25,17625300,60.471592
"2016-10-05",62.5,63,62,62.5,20497200,60.714451
"2016-10-06",62.5,64,62.5,63.75,31950500,61.928741
"2016-10-07",63.75,64,63.25,64,13601300,62.171597
"2016-10-10",61.75,63,61.25,61.5,41174400,59.743019
"2016-10-11",61.75,62,59.25,59.75,41496000,58.043015
"2016-10-12",59,59.5,55.25,59,109428900,57.314442
"2016-10-13",58,62.5,57,61.75,67027400,59.985878
"2016-10-14",63,63,60.75,61.25,64438300,59.500164
"2016-10-17",61.5,61.75,60.75,61,25837900,59.257301
"2016-10-18",61,61.25,60.25,60.5,23594100,58.771591
"2016-10-19",60.25,61,60,60.75,23431300,59.014446
"2016-10-20",61,61.5,60.75,60.75,9378200,59.014446
"2016-10-21",61,61.75,60.75,61.5,9023200,59.743019
"2016-10-25",61.75,62.75,61.5,62.75,18762800,60.95731
"2016-10-26",62.75,62.75,61.75,61.75,11547800,59.985878
"2016-10-27",61.75,62.5,60.75,61,23243300,59.257301
"2016-10-28",61.25,61.75,60.75,61.5,9206600,59.743019
"2016-10-31",61.25,61.5,60.25,60.75,13856200,59.014446
"2016-11-01",61.25,61.75,60.75,61.5,11435100,59.743019
"2016-11-02",61.25,61.25,60.75,61.25,11997200,59.500164
"2016-11-03",61,61.5,60.5,60.5,10536500,58.771591
"2016-11-04",60.5,61.25,60.5,60.75,16173900,59.014446
"2016-11-07",61.25,62,60.5,61.5,8136000,59.743019
"2016-11-08",61.25,61.75,61,61.5,10015600,59.743019
"2016-11-09",61.25,62.5,61,62,23333900,60.228737
"2016-11-10",62.5,63.5,62.5,63,24649400,61.200165
"2016-11-11",63.25,63.25,61.25,61.5,35392400,59.743019
"2016-11-14",60.5,61.25,60.25,60.5,21589500,58.771591
"2016-11-15",60.25,61,59.5,60.25,27579900,58.528728
"2016-11-16",60.5,61.5,60.5,61,17679400,59.257301
"2016-11-17",61.25,61.25,60,60.5,16627600,58.771591
"2016-11-18",60.25,61,60,60.5,10364500,58.771591
"2016-11-21",60.25,61,60.25,61,7484400,59.257301
"2016-11-22",61,61.25,60.25,60.25,22494100,58.528728
"2016-11-23",60.5,60.75,59.75,60.25,14455200,58.528728
"2016-11-24",60.25,60.25,60,60,4244800,58.285873
"2016-11-25",60.25,60.5,60,60.5,10797900,58.771591
"2016-11-28",60.5,60.75,60,60.25,10811300,58.528728
"2016-11-29",60.5,60.75,60.25,60.25,10760000,58.528728
"2016-11-30",60.25,60.75,59.25,60.25,37912100,58.528728
"2016-12-01",60.75,61.5,60.5,60.75,17906500,59.014446
"2016-12-02",61.25,61.5,60.25,60.25,12829500,58.528728
"2016-12-06",60.25,60.25,59.75,60,23961900,58.285873
"2016-12-07",60.25,60.5,60,60.25,15510800,58.528728
"2016-12-08",60.25,60.5,60,60.25,14937500,58.528728
"2016-12-09",60.25,60.75,60,60,14472400,58.285873
"2016-12-13",60.25,60.5,60,60.25,15293800,58.528728
"2016-12-14",60.25,61.25,60,60.5,21366100,58.771591
"2016-12-15",60.75,61.75,60.5,61.5,20032300,59.743019
"2016-12-16",61.5,62.25,61.25,61.75,32929500,59.985878
"2016-12-19",61.75,62.5,61.75,62.5,16250500,60.714451
"2016-12-20",62.75,62.75,61.75,61.75,12147300,59.985878
"2016-12-21",61.75,62.25,61.75,61.75,13724200,59.985878
"2016-12-22",61.75,62,61.25,61.5,20431300,59.743019
"2016-12-23",61.25,61.5,60.75,60.75,26834100,59.014446
"2016-12-26",61,61.5,60.75,61.5,3506000,59.743019
"2016-12-27",61.5,61.75,61.25,61.25,3803400,59.500164
"2016-12-28",61.25,61.5,60.75,61,15762000,59.257301
"2016-12-29",61,62.25,60.75,62,14299200,60.228737
"2016-12-30",62,63,61.75,62.5,19367300,60.714451
"2017-01-04",63,65.5,63,65,44922000,63.143032
"2017-01-05",65,65.5,64.25,64.75,26398100,62.900169
"2017-01-06",64.75,65,63.5,63.75,26493700,61.928741
"2017-01-09",63.5,63.5,62,62,58209600,60.228737
"2017-01-10",62,62.25,61.5,62,29967000,60.228737
"2017-01-11",61.75,62.25,61.5,61.5,27611000,59.743019
"2017-01-12",61.75,61.75,61,61.25,29702100,59.500164
"2017-01-16",62,62,61.5,61.5,10206500,59.743019
"2017-01-17",61.5,62,61,61,29955000,59.257301
"2017-01-18",61,61.25,60.25,60.25,33325200,58.528728
"2017-01-19",59.75,59.75,58.75,59.25,85762800,57.557301
"2017-01-20",59.5,59.75,59,59.5,31934400,57.800156
"2017-01-23",59.25,59.5,59,59.25,21982200,57.557301
"2017-01-24",59.5,59.5,58.75,59.25,30161800,57.557301
"2017-01-25",59.25,59.5,58.25,58.75,56940100,57.071583
"2017-01-26",61.75,61.75,61,61,51859200,59.257301
"2017-01-27",61,61.25,60.5,60.75,11044600,59.014446
"2017-01-30",60.5,61.25,60.5,60.75,6729500,59.014446
"2017-01-31",60.5,60.75,60.25,60.5,11797700,58.771591
"2017-02-01",60.5,60.75,60,60,12367300,58.285873
"2017-02-02",59.75,60.25,59.5,59.5,13684600,57.800156
"2017-02-03",59.75,60.25,59.5,60,12977600,58.285873
"2017-02-06",60.25,61.25,60,61.25,14457100,59.500164
"2017-02-07",61,61.5,60.75,60.75,10768600,59.014446
"2017-02-08",60.75,61.25,60.25,60.5,11613400,58.771591
"2017-02-09",60.25,60.5,60,60.25,13928500,58.528728
"2017-02-10",60.25,60.75,60,60.25,11521800,58.528728
"2017-02-14",60.25,60.5,59.25,59.5,25163900,57.800156
"2017-02-15",59.75,60.5,59.5,60,11720300,58.285873
"2017-02-16",60,60.25,59.5,59.75,9523300,58.043015
"2017-02-17",59.75,60.5,59.5,60,11945000,58.285873
"2017-02-20",60,60,59.5,59.75,7544100,58.043015
"2017-02-21",59.75,60.25,59.75,60,9506500,58.285873
"2017-02-22",60.5,61.25,60.25,60.75,18529500,59.014446
"2017-02-23",60.5,60.75,60,60,9669000,58.285873
"2017-02-24",60.25,60.5,59.5,59.75,14579100,58.043015
"2017-02-27",59.75,60.75,59.75,60,9771600,58.285873
"2017-02-28",60,60.5,60,60,13713700,58.285873
"2017-03-01",60.25,60.75,60,60.25,17206200,58.528728
"2017-03-02",60.5,60.5,59.75,60,18858300,58.285873
"2017-03-03",59.75,60,59.5,59.75,8503200,58.043015
"2017-03-06",59.5,59.75,59.25,59.5,18398000,57.800156
"2017-03-07",59.25,59.5,58.5,58.5,24793100,56.828728
"2017-03-08",58.25,59,57.5,59,24807700,57.314442
"2017-03-09",58.5,59,58.25,58.75,10123100,57.071583
"2017-03-10",58.5,58.75,58.25,58.5,7109100,56.828728
"2017-03-13",58.5,59.25,58,59.25,9872700,57.557301
"2017-03-14",59.25,59.5,59,59,12481600,57.314442
"2017-03-15",59,59.25,58.75,59,6540300,57.314442
"2017-03-16",59.25,59.5,58.5,58.75,16748800,57.071583
"2017-03-17",59,59.25,58.75,59,12440400,57.314442
"2017-03-20",58.75,59.25,58.75,59.25,12677700,57.557301
"2017-03-21",59.25,59.75,59,59.25,19765100,57.557301
"2017-03-22",59,59.25,58.5,59,24872100,57.314442
"2017-03-23",59.25,59.5,59,59.25,11396800,57.557301
"2017-03-24",59,59.25,59,59.25,7203200,57.557301
"2017-03-27",59.25,59.5,58.75,59,8084300,57.314442
"2017-03-28",59,59.25,58.75,59,14679100,57.314442
"2017-03-29",59,59,58.5,59,11933800,57.314442
"2017-03-30",59,59.25,58.75,59.25,16258700,57.557301
"2017-03-31",59,59.5,59,59,15844400,57.314442
"2017-04-03",59.25,61,59.25,60.5,32516200,58.771591
"2017-04-04",60.75,61.25,60.5,61.25,16445500,59.500164
"2017-04-05",61.25,61.25,60.75,60.75,11430600,59.014446
"2017-04-07",60.75,61.75,60.5,61.5,20377900,59.743019
"2017-04-10",61.5,61.75,61.25,61.75,10743300,59.985878
"2017-04-11",61.75,61.75,61,61,10735700,59.257301
"2017-04-12",61,61.75,60.75,61.75,12105200,59.985878
"2017-04-17",61.5,61.5,60.25,60.5,14763600,58.771591
"2017-04-18",60.75,61.25,60.5,60.5,10305600,58.771591
"2017-04-19",60.5,61,60.25,60.75,11960600,59.014446
"2017-04-20",61,61.5,60.5,60.5,8277600,58.771591
"2017-04-21",61,61.75,61,61.5,16555700,59.743019
"2017-04-24",61.75,62,61.25,61.75,15132800,59.985878
"2017-04-25",61.5,61.75,61,61.75,13641100,59.985878
"2017-04-26",61.5,62,61.25,62,15614700,60.228737
"2017-04-27",61.25,61.25,60.75,61,6551000,60.228733
"2017-04-28",61.25,61.25,60.75,61,13447600,60.228733
"2017-05-02",61,62,61,62,16734500,61.216091
"2017-05-03",62,62.25,61,61,9499200,60.228733
"2017-05-04",61.25,61.75,61,61.25,5246800,60.475574
"2017-05-08",61.75,62,61.5,62,5078900,61.216091
"2017-05-09",62,63.75,62,63.5,37611600,62.697124
"2017-05-11",63.75,65.25,63.5,64.5,45274800,63.684483
"2017-05-12",64.25,64.5,63.25,64.5,38122000,63.684483
"2017-05-15",64.25,64.25,64.25,64.25,1221700,63.437641
"2017-05-16",64.25,64.75,64.25,64.75,16338900,63.93132
"2017-05-17",64.25,65.75,64.25,65,31338000,64.178162
"2017-05-18",64.75,65,63.5,63.5,26100300,62.697124
"2017-05-19",63.5,64,63,63.5,13990600,62.697124
"2017-05-22",63.75,64,62.5,62.75,27672100,61.956608
"2017-05-23",62.5,63.5,62.25,63.5,23191600,62.697124
"2017-05-24",63,64,63,63.5,16063100,62.697124
"2017-05-25",63.25,63.5,63,63.5,3076700,62.697124
"2017-05-26",63.5,63.5,62.75,63,5624600,62.203445
"2017-05-29",62.75,63,62.5,63,8862100,62.203445
"2017-05-30",63,63,62.5,62.75,2042500,61.956608
"2017-05-31",62.75,63,62.25,62.5,20754600,61.70977
"2017-06-01",62.75,62.75,62.25,62.25,9404500,61.462929
"2017-06-02",62.5,62.75,62.25,62.5,12081200,61.70977
"2017-06-05",62.5,62.5,62,62,13767300,61.216091
"2017-06-06",62,62.5,61.5,62.25,18774400,61.462929
"2017-06-07",62.25,62.25,61.75,61.75,11653100,60.969254
"2017-06-08",62,62.25,61.75,62,14820100,61.216091
"2017-06-09",62,62.25,61.5,62,15180200,61.216091
"2017-06-12",61.75,62,61.5,61.75,3302900,60.969254
"2017-06-13",62,62.25,61.5,62,10711700,61.216091
"2017-06-14",62,62.25,61.75,62,10779300,61.216091
"2017-06-15",61.75,62.25,61.75,61.75,9684200,60.969254
"2017-06-16",61.75,62,61.5,61.75,7045400,60.969254
"2017-06-19",62,62.25,61.75,61.75,10089700,60.969254
"2017-06-20",62,62,61.75,61.75,13767800,60.969254
"2017-06-21",61.75,62.5,61.75,62.5,16852200,61.70977
"2017-06-22",62.5,62.5,62,62.25,13941800,61.462929
"2017-06-23",62.25,62.25,61.75,61.75,10493200,60.969254
"2017-06-26",62,62,61.75,61.75,8734600,60.969254
"2017-06-27",62,62.25,61.75,62,15099000,61.216091
"2017-06-28",62,62.5,61.75,62.25,10015800,61.462929
"2017-06-29",62.25,63.5,62,62.75,24759200,61.956608
"2017-06-30",62.75,63,62.25,62.75,12955900,61.956608
"2017-07-03",62.75,63.75,62.75,63.75,14134000,62.943966
"2017-07-04",63.75,64,63,63.25,7669700,62.450287
"2017-07-05",63.25,63.5,62.75,63,6768400,62.203445
"2017-07-06",63,63.25,62,62.5,14193300,61.70977
"2017-07-07",62.25,62.75,62,62,12989200,61.216091
"2017-07-11",61.5,61.5,59.75,60.5,47340800,59.735058
"2017-07-12",60.25,60.5,59,59.75,63113300,58.994537
"2017-07-13",60,60.5,59.75,60.5,23945300,59.735058
"2017-07-14",60.5,61.25,60.5,61,12537400,60.228733
"2017-07-17",61,61.25,60.5,61,17561300,60.228733
"2017-07-18",60.75,61.25,60.25,61,20607900,60.228733
"2017-07-19",61,61.25,60.75,61,8301500,60.228733
"2017-07-20",61,61.25,61,61,12293000,60.228733
"2017-07-21",61,61.25,60.75,60.75,15477700,59.981895
"2017-07-24",60.75,61.75,60.75,60.75,13639200,59.981895
"2017-07-25",60.75,61.25,60.75,61,5160400,60.228733
"2017-07-26",61,61.25,60.75,61,9623100,60.228733
"2017-07-27",61.25,61.25,60.75,61,5846700,60.228733
"2017-07-31",61,61.25,60.5,60.75,20613800,59.981895
"2017-08-01",60.75,61.5,60.75,61,16578900,60.228733
"2017-08-02",61.25,61.25,61,61.25,6396100,60.475574
"2017-08-03",61.25,61.5,61,61.25,11469800,60.475574
"2017-08-04",61.5,61.5,61,61.25,6561100,60.475574
"2017-08-07",61.25,62,61.25,61.5,7107200,60.722412
"2017-08-08",61.75,62,61.5,61.5,8535000,60.722412
"2017-08-09",61.75,61.75,61.25,61.25,8016900,60.475574
"2017-08-10",61.25,61.25,61,61,3189400,60.228733
"2017-08-11",61,61.75,61,61.75,14670600,60.969254
"2017-08-15",61.75,62.25,61.5,61.75,13296800,60.969254
"2017-08-16",61.75,61.75,61.25,61.5,9506000,60.722412
"2017-08-17",61.25,61.5,61,61.25,9919800,60.475574
"2017-08-18",61.25,61.5,61,61,7184300,60.228733
"2017-08-21",61.25,61.25,61,61.25,2365400,60.475574
"2017-08-22",61,61.5,61,61.25,8659100,60.475574
"2017-08-23",61.25,61.5,60.5,61.25,26046900,60.475574
"2017-08-24",61.25,61.25,60.75,60.75,6768500,59.981895
"2017-08-25",60.75,61.25,60.5,60.75,16970900,59.981895
"2017-08-28",60.75,60.75,60.75,60.75,2652800,59.981895
"2017-08-29",60.75,62,60.75,61.5,33482400,60.722412
"2017-08-30",61.75,62,61.5,61.75,21405500,60.969254
"2017-08-31",61.75,62,61.25,62,31058500,61.216091
"2017-09-01",62,62,61.5,61.75,10755500,60.969254
"2017-09-04",61.5,61.75,61,61.5,13586100,60.722412
"2017-09-05",61.5,61.5,61,61.5,7304400,60.722412
"2017-09-06",61.5,61.75,61.25,61.5,18754900,60.722412
"2017-09-07",61.5,61.75,61,61.5,20299200,60.722412
"2017-09-08",61.75,63.5,61.75,63,62783100,62.203445
"2017-09-11",63.25,63.5,62.75,63,25848100,62.203445
"2017-09-12",63,63.75,63,63.75,29420000,62.943966
"2017-09-13",63.75,64,63.5,64,15614500,63.190804
"2017-09-14",64,64.25,63.5,64,20083600,63.190804
"2017-09-15",63.75,64.25,63.75,64.25,23565300,63.437641
"2017-09-18",64.25,65.25,64.25,65,25480400,64.178162
"2017-09-19",65.25,65.25,64.5,65,12710900,64.178162
"2017-09-20",65,65.25,64.75,65.25,9752800,64.424995
"2017-09-21",65.25,66.5,65,66,28548900,65.16552
"2017-09-22",66,66.25,65.25,66,19295100,65.16552
"2017-09-25",65.75,66,65.25,65.5,8722000,64.671837
"2017-09-26",65.75,66,65.5,65.75,8947400,64.918678
"2017-09-27",65.75,66,65.5,65.75,9533900,64.918678
"2017-09-28",66,66,65.25,66,15493000,65.16552
"2017-09-29",65.75,67.25,65.5,66.75,31618100,65.906036
"2017-10-02",67,68.5,66.75,68,31348400,67.140228
"2017-10-03",68.25,68.5,67.75,68,26186400,67.140228
"2017-10-04",68.25,68.25,67.25,68,17995400,67.140228
"2017-10-05",68,68,67.5,67.5,7410000,66.646553
"2017-10-06",67.75,69,67.75,69,19035200,68.127586
"2017-10-09",68.75,68.75,68.25,68.5,5737400,67.633904
"2017-10-10",68.5,71,68.5,70,36003600,69.114944
"2017-10-11",70,70.5,69.75,70,12819200,69.114944
"2017-10-12",70,70,68.75,69.25,9899700,68.374428
"2017-10-16",70.25,70.25,70.25,70.25,2598300,69.361778
"2017-10-17",70,70.25,69,70,14482300,69.114944
"2017-10-18",69.5,69.75,69.25,69.5,10220300,68.621262
"2017-10-19",69.5,69.75,67.75,68.25,18001300,67.38707
"2017-10-20",68.25,69.75,68,69.25,15749700,68.374428
"2017-10-24",69.25,70,69,70,9376400,69.114944
"2017-10-25",70,70.5,69.75,70,12477900,69.114944
"2017-10-27",70,70.25,69.75,70,11566100,69.114944
"2017-10-30",70,70.75,69.5,70.5,16384200,69.60862
"2017-10-31",70.5,70.5,69.75,70,11131900,69.114944
"2017-11-01",70,70.5,69.5,70,8277300,69.114944
"2017-11-02",70,70.75,69.75,70,10649600,69.114944
"2017-11-03",70,71,69.75,70.5,7798800,69.60862
"2017-11-06",70.25,70.5,69.75,70.5,5032600,69.60862
"2017-11-07",70.5,71.25,70.25,70.75,11409100,69.855461
"2017-11-08",70.5,71.5,70.5,71,14681800,70.102295
"2017-11-09",71,71.5,70,70.5,18680000,69.60862
"2017-11-10",70.5,70.5,68.75,69,11684400,68.127586
"2017-11-13",69,70.75,69,70.5,14074300,69.60862
"2017-11-14",71,72.75,70.75,72,22877900,71.089653
"2017-11-15",72.5,72.75,72,72.25,14657300,71.336494
"2017-11-16",72,72.75,71.75,72.25,9169400,71.336494
"2017-11-17",72.75,74.25,72.75,74,22743000,73.064369
"2017-11-20",74.5,76.75,74.25,76.25,24626200,75.285919
"2017-11-21",74.5,74.5,74.5,74.5,29221100,73.558044
"2017-11-22",74.5,75.5,74.5,75,16262500,74.05172
"2017-11-23",75.25,75.75,75,75.25,12305200,74.298561
"2017-11-24",75.25,75.75,74.75,75.25,15475300,74.298561
"2017-11-27",74.75,75.75,74.5,75.25,17361900,74.298561
"2017-11-28",75.25,75.25,73.5,74,18091600,73.064369
"2017-11-29",74,74.75,73.75,74,16426800,73.064369
"2017-11-30",74,74.5,72.75,73,19673400,72.077011
"2017-12-01",73.5,74,73.25,73.5,6792700,72.570686
"2017-12-04",73.5,74.25,73.25,74,8350300,73.064369
"2017-12-06",74,74,72.5,73.25,12097400,72.323853
"2017-12-07",73.5,74,73.25,74,6681500,73.064369
"2017-12-08",74.25,74.75,74,74.5,10767700,73.558044
"2017-12-12",74.75,75.25,74.25,75,17750600,74.05172
"2017-12-13",75.25,75.25,74.5,75.25,7767000,74.298561
"2017-12-14",75.5,77,75.25,76.5,26121900,75.532761
"2017-12-15",76,76.75,76,76.5,21007400,75.532761
"2017-12-18",76.5,76.5,75.75,76.25,12661000,75.285919
"2017-12-19",76.25,76.75,76.25,76.5,13649100,75.532761
"2017-12-20",76.5,76.5,75.75,76.5,6176400,75.532761
"2017-12-21",76.5,76.5,76,76.5,4812900,75.532761
"2017-12-22",76.5,76.5,76.25,76.25,7781400,75.285919
"2017-12-25",76.25,76.5,76.25,76.5,3704500,75.532761
"2017-12-26",76.25,76.75,76,76.5,5851300,75.532761
"2017-12-27",76.5,78.25,76.25,77.75,21339700,76.766953
"2017-12-28",77.75,78,75.5,77.5,13949400,76.520111
"2017-12-29",77.5,77.5,76.5,77,8711200,76.026436
"2018-01-03",77,78.75,77,78.5,23107900,77.507469
"2018-01-04",78.75,78.75,77.75,78.5,14868500,77.507469
"2018-01-05",79,79,77.75,77.75,13878500,76.766953
"2018-01-08",77,77.75,76.25,76.5,14482800,75.532761
"2018-01-09",76.25,76.25,76.25,76.25,1673200,75.285919
"2018-01-10",76.75,77.75,76.25,77.5,19584700,76.520111
"2018-01-11",77.5,78.75,77,78.5,22724400,77.507469
"2018-01-12",78.5,79.5,78.25,79,24024200,78.001144
"2018-01-15",79,79.75,77.75,78.25,16994100,77.260628
"2018-01-16",78.25,79.5,77.25,78.5,20957800,77.507469
"2018-01-17",78.5,80,78.5,80,14674200,78.988503
"2018-01-18",80,80.5,79.5,79.5,15204100,78.494827
"2018-01-19",80.25,80.25,79.5,80.25,10709800,79.235344
"2018-01-22",80.25,80.5,79.75,80.5,14158500,79.482185
"2018-01-23",80.5,80.75,80,80.5,15934800,79.482185
"2018-01-24",80.5,80.5,80,80.25,10711500,79.235344
"2018-01-25",80.25,81,80,80,19632800,78.988503
"2018-01-26",80.25,80.25,79.5,80.25,16763100,79.235344
"2018-01-29",80.25,80.25,79.5,79.75,11066900,78.741669
"2018-01-30",79.5,80,79,79.5,15509100,78.494827
"2018-01-31",79.75,80,79.5,79.75,11590000,78.741669
"2018-02-01",79.75,80.75,79.75,80,25857600,78.988503
"2018-02-02",80.25,80.25,79.25,79.75,12488300,78.741669
"2018-02-05",79,79.5,78.75,79.25,15083800,78.247986
"2018-02-06",77,79.25,77,78.5,33334500,77.507469
"2018-02-07",79,79.75,78.75,79.5,16195900,78.494827
"2018-02-08",79.75,80,79.25,79.25,15855000,78.247986
"2018-02-09",78.5,79,78.25,78.5,22928500,77.507469
"2018-02-12",78.5,78.75,78.25,78.5,14447900,77.507469
"2018-02-13",78.5,79.25,78.5,79,14069400,78.001144
"2018-02-14",79.5,80,79,79.5,13202800,78.494827
"2018-02-15",79.75,80.5,79.75,80.25,12973300,79.235344
"2018-02-16",80.5,81.25,80,81.25,8153500,80.222702
"2018-02-19",83,85.75,83,83.75,44795200,82.691093
"2018-02-20",83.75,84.25,82.25,82.75,26982600,81.703735
"2018-02-21",83.75,84.75,83.25,83.5,25983400,82.444252
"2018-02-22",83.75,85,83.25,84.25,25322500,83.184769
"2018-02-23",84.5,84.5,82.75,84,36282400,82.937927
"2018-02-26",84,84.75,83.25,84.5,22466400,83.43161
"2018-02-27",84.25,84.25,83.25,83.25,30803800,82.197411
"2018-02-28",82.75,84,82.5,84,44405300,82.937927
"2018-03-02",84,84.75,83.5,84.75,28261000,83.678444
"2018-03-05",84.75,87.25,84.5,87,48894100,85.900002
"2018-03-06",87,87,86,86.5,15377600,85.406319
"2018-03-07",86.25,86.75,84.75,85.5,19091300,84.418961
"2018-03-08",86,86.75,85.25,85.75,21896100,84.665802
"2018-03-09",86.5,87,86,87,26767100,85.900002
"2018-03-12",87.25,88,87.25,87.75,16082700,86.640518
"2018-03-13",87.5,87.75,86.75,87.75,15388600,86.640518
"2018-03-14",87,87.5,86.5,87,19633400,85.900002
"2018-03-15",87,87.5,86.5,87,18436700,85.900002
"2018-03-16",86.75,88.25,86.5,87.5,32289700,86.393677
"2018-03-19",87.5,88,87.25,87.5,5334500,86.393677
"2018-03-20",87,87.5,87,87,8198600,85.900002
"2018-03-21",87.75,88.5,87.5,87.75,17736000,86.640518
"2018-03-22",88,88.25,87.5,88,7205500,86.887352
"2018-03-23",87.5,88.5,87.25,88.5,20487400,87.381035
"2018-03-26",88.5,88.75,88,88.5,14327200,87.381035
"2018-03-27",88.5,90,88.25,90,26561300,88.862068
"2018-03-28",89,89.5,87.25,87.75,34996200,86.640518
"2018-03-29",87,87.75,86.5,87.25,42549900,86.146835
"2018-03-30",87.25,88,86.25,88,28798700,86.887352
"2018-04-02",87.5,88,87.25,87.5,9364300,86.393677
"2018-04-03",87,88.5,87,88,30476300,86.887352
"2018-04-04",88,88,86.5,86.5,25492900,85.406319
"2018-04-05",87.5,88,87,87.75,18051300,86.640518
"2018-04-09",87.5,87.75,87.25,87.75,13412100,86.640518
"2018-04-10",87.5,88,86.25,86.75,36581600,85.65316
"2018-04-11",86.75,87.25,86.25,87.25,31107300,86.146835
"2018-04-12",87,87.25,86.5,87,17103600,85.900002
"2018-04-17",86.5,86.5,83,83.25,93746400,82.197411
"2018-04-18",84,85.5,83.75,85.5,34572800,84.418961
"2018-04-19",86,87.25,85.75,87,21991800,85.900002
"2018-04-20",87,87,86,87,19495700,85.900002
"2018-04-23",87,87.5,86.5,87,13559400,85.900002
"2018-04-24",87,87,86,86.5,14884200,85.406319
"2018-04-25",86.5,87.25,86.25,87,15755400,85.900002
"2018-04-26",87,87.25,86.75,87,9210200,85.900002
"2018-04-27",86.25,87,85.75,87,18302000,87
"2018-04-30",87,87.25,86.75,87,18010300,87
"2018-05-02",87,88,86.75,88,24370600,88
"2018-05-03",88,88.25,87.75,88,16481700,88
"2018-05-04",88,88.25,87.25,87.5,12647100,87.5
"2018-05-07",88,88.5,87.75,88.25,9362100,88.25
"2018-05-08",88,88.5,87.25,87.75,13164100,87.75
"2018-05-09",87.5,87.75,86.25,87,14186800,87
"2018-05-10",87,87.5,85.75,86,11320200,86
"2018-05-11",86,86,84.5,85.5,32132200,85.5
"2018-05-14",86.25,86.75,85.75,86.5,9676600,86.5
"2018-05-15",86,86.25,85,85.25,14779200,85.25
"2018-05-16",84.75,85,83,83.5,37743700,83.5
"2018-05-17",83.25,83.5,81.25,81.75,38824400,81.75
"2018-05-18",81.75,82.5,80.25,81.5,42171600,81.5
"2018-05-21",82.25,83,81.75,82,28792500,82
"2018-05-22",82,82.5,81.5,81.5,16921800,81.5
"2018-05-23",81.5,81.75,80.75,80.75,35408500,80.75
"2018-05-24",80.5,81.25,79.75,80.25,32781300,80.25
"2018-05-25",80.5,81,79.5,80.5,27404500,80.5
"2018-05-28",80.75,82.25,80.5,81,21924800,81
"2018-05-30",80.75,81,80,80.5,28925200,80.5
"2018-05-31",81,81.5,80.25,80.75,34760500,80.75
"2018-06-01",80.75,81,79.5,80,17215900,80
"2018-06-04",80,80.25,77.5,78.5,38513500,78.5
"2018-06-05",78.25,80.25,77.5,79.75,39226800,79.75
"2018-06-06",80.25,80.25,79.5,80,28746100,80
"2018-06-07",80.25,80.5,79.75,79.75,12450700,79.75
"2018-06-08",79.5,79.75,78.75,79.25,12379500,79.25
"2018-06-11",79.25,80,79.25,79.5,9723600,79.5
"2018-06-12",80,81.25,79.75,80.5,36406000,80.5
"2018-06-13",80.5,80.75,79.5,79.5,16665200,79.5
"2018-06-14",79.25,79.75,78.75,79,15663300,79
"2018-06-15",79.25,79.75,78.5,79.5,25199100,79.5
"2018-06-18",79,79.25,78.5,78.5,19450200,78.5
"2018-06-19",78.25,78.5,76,76.5,47434300,76.5
"2018-06-20",76.5,77,76,76.75,26702300,76.75
"2018-06-21",77,77.25,76,76.75,29150100,76.75
"2018-06-22",76.75,77.75,76.5,77.25,20921900,77.25
"2018-06-25",77,77.25,75.25,75.25,23774100,75.25
"2018-06-26",74.75,76.25,74.5,76,29131200,76
"2018-06-27",76,76.25,74.25,74.5,25621200,74.5
"2018-06-28",75,75.75,74.5,74.75,23034900,74.75
"2018-06-29",74.75,75,72.75,73.5,39587300,73.5
"2018-07-02",74,75,73.5,75,17429900,75
"2018-07-03",75,76,74.75,75.5,25331300,75.5
"2018-07-04",76.25,77.25,75.25,76.5,32192200,76.5
"2018-07-05",76.5,77.5,76,76.5,17505100,76.5
"2018-07-06",76.25,78.5,76.25,77.25,23070800,77.25
"2018-07-09",78,79.75,78,79,17818100,79
"2018-07-10",79,79.25,77.5,79,15489000,79
"2018-07-11",78.5,79.25,78.25,78.75,17372400,78.75
"2018-07-12",78.75,79.5,76,76.5,33310400,76.5
"2018-07-13",76.75,77.25,75.5,76,19312500,76
"2018-07-16",75.5,76,75,75.5,11219700,75.5
"2018-07-17",75,75.5,74.25,75.5,18954400,75.5
"2018-07-18",76,76.25,74.75,75.75,17228200,75.75
"2018-07-19",75.75,76,74.75,75.5,13336500,75.5
"2018-07-20",75.25,75.5,74.5,74.75,32876400,74.75
"2018-07-23",75,76.25,74.75,75.5,22881100,75.5
"2018-07-24",75.75,76.25,75,75.25,16593600,75.25
"2018-07-25",75.75,77.25,75.25,76.5,39410500,76.5
"2018-07-26",77,77.25,75.25,76,25611100,76
"2018-07-31",76.25,76.5,73.75,75,46417000,75
"2018-08-01",75,76,74.5,75.75,31826200,75.75
"2018-08-02",75.75,76,74.75,74.75,18761100,74.75
"2018-08-03",74.75,75.25,73.75,73.75,33745900,73.75
"2018-08-06",74,74.5,72.75,72.75,37309900,72.75
"2018-08-07",73.25,73.75,71.5,73.25,54023600,73.25
"2018-08-08",73.25,74.75,73,73.75,36497600,73.75
"2018-08-09",74,74.25,73.25,74,20771400,74
"2018-08-10",71,72.25,70,71.25,120865800,71.25
"2018-08-14",69.75,70.25,69,69.25,86788700,69.25
"2018-08-15",69,70.25,68.5,69.25,63812900,69.25
"2018-08-16",69.25,70.75,69,70.5,48444500,70.5
"2018-08-17",70.75,71.25,69.5,69.75,42138800,69.75
"2018-08-20",70,70.5,69.5,70,13817600,70
"2018-08-21",70,70.5,69.5,70,24176500,70
"2018-08-22",70,70.25,69.25,69.75,15384900,69.75
"2018-08-23",70,70,68.75,69.5,35225900,69.5
"2018-08-24",69,69.5,68.75,69,24831300,69
"2018-08-27",69,69.5,68.5,69.25,27000300,69.25
"2018-08-28",69.5,69.75,68.25,68.75,49514500,68.75
"2018-08-29",69.25,69.5,68.5,69.25,41219900,69.25
"2018-08-30",69.25,69.25,68.25,68.5,28669500,68.5
"2018-08-31",68,68.25,67.25,67.5,48435200,67.5
"2018-09-03",67.5,68.5,67.5,67.75,30739800,67.75
"2018-09-04",67.75,68,67,67,30379500,67
"2018-09-05",66.75,67,64.75,65.25,104984900,65.25
"2018-09-06",65.5,67.25,65.5,67,65859600,67
"2018-09-07",67,67.25,66.5,67,20877600,67
"2018-09-10",66.75,67,66,66.5,17834500,66.5
"2018-09-11",66.5,66.5,65,65.25,35360100,65.25
"2018-09-12",65.25,66,65,65.5,28184400,65.5
"2018-09-13",67.25,68.5,66.75,68.5,102071200,68.5
"2018-09-14",69,69,68,68.5,54641300,68.5
"2018-09-17",68,68.5,67.75,68,22147100,68
"2018-09-18",67.75,69,67,68.5,54410000,68.5
"2018-09-19",69,71.75,68.75,71,115645200,71
"2018-09-20",71.5,71.5,70.5,70.5,29474200,70.5
"2018-09-21",70.25,70.5,69.25,69.5,70966900,69.5
"2018-09-24",69.25,69.75,69,69.25,25594300,69.25
"2018-09-25",69.5,70.5,69.5,70,25337400,70
"2018-09-26",70.5,71,70,70,30461400,70
"2018-09-27",69.5,69.75,68.5,69.25,57648000,69.25
"2018-09-28",69.5,69.5,68.5,69,34304900,69
"2018-10-01",69.5,69.75,68.75,69.5,19098400,69.5
"2018-10-02",69.75,70.5,69.5,69.75,43711300,69.75
"2018-10-03",70,70.25,69.25,69.5,15703000,69.5
"2018-10-04",69.25,69.25,68.5,69.25,26468700,69.25
"2018-10-05",68.5,69.25,68.5,69.25,17651500,69.25
"2018-10-08",69.25,69.5,68,68.5,33220400,68.5
"2018-10-09",68.75,69,68.25,68.75,20795400,68.75
"2018-10-10",69.25,69.25,68.25,69,21451700,69
"2018-10-11",67,67.5,66.5,67.25,58345600,67.25
"2018-10-12",67.5,67.75,67.25,67.25,15764500,67.25
"2018-10-16",67.25,67.5,66.25,67.5,22586600,67.5
"2018-10-17",67.75,67.75,67.25,67.25,8804600,67.25
"2018-10-18",67,67.25,66.5,66.5,15316100,66.5
"2018-10-19",66.5,66.5,65,65.25,50028800,65.25
"2018-10-22",65.5,65.5,63.75,65,38847200,65
"2018-10-24",64.25,64.75,62.75,63,77102000,63
"2018-10-25",62.5,64,61.5,63.5,70809400,63.5
"2018-10-26",63.25,64.25,62.25,63.75,28366100,63.75
"2018-10-29",64,66.25,64,65.25,30171200,65.25
"2018-10-30",65.25,66,64.75,65.75,18086100,65.75
"2018-10-31",66.25,67.25,65.75,67.25,36401300,67.25
"2018-11-01",67.75,68.25,67,68,40642700,68
"2018-11-02",68.5,69,68,68.5,45247300,68.5
"2018-11-05",68,68,66.75,67.5,23955500,67.5
"2018-11-06",67.75,68.25,67.5,68.25,15888200,68.25
"2018-11-07",68,68,66.25,67.75,28741800,67.75
"2018-11-08",68.25,68.5,67.75,68,16718100,68
"2018-11-09",67.5,68.25,67.5,68.25,17321300,68.25
"2018-11-12",68.75,68.75,67.75,67.75,13699500,67.75
"2018-11-13",67.25,69.75,67,69.5,55460600,69.5
"2018-11-14",70.25,70.25,69.5,69.75,30838100,69.75
"2018-11-15",70,70,68.5,68.5,22324700,68.5
"2018-11-16",69,69.25,68.25,69.25,19671900,69.25
"2018-11-19",68.75,69.5,68.5,69.5,18961300,69.5
"2018-11-20",69,69.25,68.25,68.75,16463000,68.75
"2018-11-21",68.75,69,68.25,68.25,26608500,68.25
"2018-11-22",68.75,69,68.5,68.75,14107500,68.75
"2018-11-23",68.25,68.75,67.75,68.5,18002400,68.5
"2018-11-26",68.75,69,68.25,68.75,14454100,68.75
"2018-11-27",68.5,69,68.25,68.75,23627400,68.75
"2018-11-28",68.75,69,68.5,68.75,14068000,68.75
"2018-11-29",69,69.25,68.5,68.5,16614600,68.5
"2018-11-30",68.5,68.75,67.75,68.25,26986300,68.25
"2018-12-03",69.25,71.75,69,71.5,104397900,71.5
"2018-12-04",71.5,71.75,71,71.75,35326600,71.75
"2018-12-06",70.5,71,70.5,70.75,20623300,70.75
"2018-12-07",70.75,71.75,70.75,71.5,17145300,71.5
"2018-12-11",71,71.75,70.25,70.25,43771900,70.25
"2018-12-12",71,71.5,70.5,70.75,21740100,70.75
"2018-12-13",71.25,71.25,70.5,70.75,21543400,70.75
"2018-12-14",70.5,71,70.5,71,15214800,71
"2018-12-17",70.75,71.25,69.75,70,31527300,70
"2018-12-18",69.75,70.5,69.25,70.25,21661000,70.25
"2018-12-19",70.25,70.25,69.75,70,16951300,70
"2018-12-20",69.75,70,69.5,70,10460300,70
"2018-12-21",69.5,70,69.25,69.25,20164500,69.25
"2018-12-24",69.25,69.75,69.25,69.5,8806300,69.5
"2018-12-25",69,69.25,68.5,69,13892900,69
"2018-12-26",69,69.25,68.5,69,24368000,69
"2018-12-27",69.25,69.25,68.25,68.75,27868500,68.75
"2018-12-28",68.75,69.25,68.5,68.75,23212400,68.75
