"Index","PTTEP.BK.Open","PTTEP.BK.High","PTTEP.BK.Low","PTTEP.BK.Close","PTTEP.BK.Volume","PTTEP.BK.Adjusted"
"2015-01-05",112.5,113,107,107,7780300,92.532333
"2015-01-06",104.5,108,103,107,8435700,92.532333
"2015-01-07",105,107.5,104.5,106.5,7555300,92.099953
"2015-01-08",109,110,108,110,6135200,95.126709
"2015-01-09",112,113,110.5,112.5,3937100,97.288681
"2015-01-12",110.5,111.5,108.5,110.5,6376500,95.559097
"2015-01-13",108,108.5,107,107.5,5110500,92.964729
"2015-01-14",107,108.5,106,106,5893200,91.667549
"2015-01-15",108,108.5,106,106.5,6803800,92.099953
"2015-01-16",105,106,104,104,6694800,89.937973
"2015-01-19",105,105.5,104,105.5,8237200,91.235161
"2015-01-20",106,107,104.5,104.5,5678900,90.370361
"2015-01-21",105,105.5,104,104.5,4484100,90.370361
"2015-01-22",106,109.5,105.5,109.5,8989600,94.694321
"2015-01-23",110,114,109.5,113.5,12259900,98.153465
"2015-01-26",111,112.5,110,111.5,5882900,96.423889
"2015-01-27",110.5,113,110.5,112,2956300,96.856277
"2015-01-28",113,113.5,111,111,3940600,95.991493
"2015-01-29",110,113,109.5,113,4902000,97.721062
"2015-01-30",113,113.5,109,109,4647900,94.261909
"2015-02-02",110.5,115,110.5,112.5,11027000,97.288681
"2015-02-03",116.5,120.5,116,120.5,16536300,104.206985
"2015-02-04",125,126.5,121,121,19763200,104.639366
"2015-02-05",118,119,116,118.5,12258100,102.477402
"2015-02-06",120.5,121.5,119,120,10292200,103.77459
"2015-02-09",120,121,119,119,7761500,102.909798
"2015-02-10",118.5,118.5,115.5,115.5,5981000,101.029167
"2015-02-11",115.5,116,112,116,9180000,101.466515
"2015-02-12",114.5,116,113.5,116,7128600,101.466515
"2015-02-13",117,120,117,118.5,7372600,103.653305
"2015-02-16",119,119.5,116,116.5,3579500,101.903877
"2015-02-17",116.5,117,115.5,115.5,2821900,101.029167
"2015-02-18",116,116.5,115,115.5,2573400,101.029167
"2015-02-19",114.5,115.5,113.5,113.5,2620800,99.279739
"2015-02-20",114,115,113,113.5,4743600,99.279739
"2015-02-23",113.5,114.5,112.5,112.5,3717300,98.405029
"2015-02-24",113,113.5,112,112,3206500,97.967674
"2015-02-25",112,113,111.5,113,3228700,98.842392
"2015-02-26",113,115.5,112,115.5,4413500,101.029167
"2015-02-27",114,114.5,113,113,5002200,98.842392
"2015-03-02",115,115,113,114.5,3185900,100.154449
"2015-03-03",113.5,114,111,111,5241600,97.092972
"2015-03-05",112,112.5,110,111.5,5300400,97.530319
"2015-03-06",111.5,114,111.5,114,3461500,99.717094
"2015-03-09",112,113,111,111.5,4846800,97.530319
"2015-03-10",111,111.5,106,106,8547100,92.719414
"2015-03-11",105.5,109,105,108.5,6006400,94.906181
"2015-03-12",108,110,106.5,109,3683000,95.343544
"2015-03-13",108,109,106.5,107,3801700,93.594109
"2015-03-16",105,105,103,103,6483700,90.095276
"2015-03-17",104.5,104.5,102.5,103,3269600,90.095276
"2015-03-18",102.5,106.5,102.5,106.5,4569100,93.156761
"2015-03-19",108,108,106,107.5,4290200,94.031479
"2015-03-20",107.5,108,106,106.5,4725900,93.156761
"2015-03-23",107.5,108,105,106,2575300,92.719414
"2015-03-24",106.5,107,105,107,3700100,93.594109
"2015-03-25",107,107,105.5,106,1735000,92.719414
"2015-03-26",107.5,112.5,107,111.5,14024000,97.530319
"2015-03-27",110,111,108.5,109.5,4853100,95.780891
"2015-03-30",109.5,109.5,107.5,108,8338400,94.468826
"2015-03-31",107.5,111,107.5,109,3935500,95.343544
"2015-04-01",109,112,108,112,4020600,97.967674
"2015-04-02",112.5,114.5,111.5,113.5,6231200,99.279739
"2015-04-03",112.5,114.5,112,113.5,2316400,99.279739
"2015-04-07",117,117.5,115.5,116,5877500,101.466515
"2015-04-08",116,117.5,115,116,5723500,101.466515
"2015-04-09",115,115,113,114.5,3413100,100.154449
"2015-04-10",115,116,113,114,3375400,99.717094
"2015-04-16",118.5,123,117.5,122,28202900,106.71479
"2015-04-17",122.5,124,121,122,13943900,106.71479
"2015-04-20",121,122,120,120,6625400,104.96537
"2015-04-21",121,122,120.5,121.5,5766200,106.277435
"2015-04-22",121.5,121.5,118,118,5879100,103.215942
"2015-04-23",119,121,118,119,4005200,104.09066
"2015-04-24",121,122,120.5,121.5,6658700,106.277435
"2015-04-27",121.5,122,120,120,5140300,104.96537
"2015-04-28",121,121,117,119,4603100,104.09066
"2015-04-29",117.5,119,114.5,115,6267100,100.59182
"2015-04-30",116.5,118,115.5,117,7494500,102.341232
"2015-05-04",117,117,117,117,0,102.341232
"2015-05-06",118,120.5,118,120,10834800,104.96537
"2015-05-07",119,121,117.5,120,10830000,104.96537
"2015-05-08",118.5,119,117,118,5798100,103.215942
"2015-05-11",118.5,119,117,117,3265000,102.341232
"2015-05-12",117,117.5,114,115.5,7385200,101.029167
"2015-05-13",117.5,118.5,117,118.5,5751000,103.653305
"2015-05-14",117.5,118,115.5,116.5,4580400,101.903877
"2015-05-15",115.5,117,115,117,6138600,102.341232
"2015-05-18",117.5,117.5,115.5,116.5,4587500,101.903877
"2015-05-19",116.5,117,115,115.5,6329000,101.029167
"2015-05-20",115,116,113.5,113.5,6544200,99.279739
"2015-05-21",114.5,114.5,113.5,113.5,3192200,99.279739
"2015-05-22",114,115.5,113,113.5,4509300,99.279739
"2015-05-25",114,114,112,112,4266500,97.967674
"2015-05-26",112,113.5,110.5,110.5,4043400,96.655602
"2015-05-27",110,110.5,106.5,110.5,10418400,96.655602
"2015-05-28",110.5,110.5,108,108.5,5633900,94.906181
"2015-05-29",108.5,109,108,108,8843600,94.468826
"2015-06-02",106.5,107.5,105.5,106,6515400,92.719414
"2015-06-03",107,108,106,107.5,6535800,94.031479
"2015-06-04",106.5,107.5,105.5,107,4271800,93.594109
"2015-06-05",106.5,108,106.5,107,4804400,93.594109
"2015-06-08",107.5,109,107,108,3809500,94.468826
"2015-06-09",107,107.5,106,106.5,3629200,93.156761
"2015-06-10",108.5,112.5,108,111,10606300,97.092972
"2015-06-11",112.5,113.5,111.5,112,9578100,97.967674
"2015-06-12",111,111.5,109,109.5,5177600,95.780891
"2015-06-15",109.5,111,108,111,3123500,97.092972
"2015-06-16",110,111,109,110.5,4766300,96.655602
"2015-06-17",110,112,109.5,111.5,8544100,97.530319
"2015-06-18",111,111.5,109,109,3705100,95.343544
"2015-06-19",110,110.5,108,108,5338400,94.468826
"2015-06-22",107.5,112,107.5,111,4476400,97.092972
"2015-06-23",112.5,112.5,110,110,2246700,96.218254
"2015-06-24",111,114,111,113.5,6363700,99.279739
"2015-06-25",112.5,115,112,114,6667600,99.717094
"2015-06-26",113,113.5,111.5,112,3807500,97.967674
"2015-06-29",109.5,112,108.5,111,7740100,97.092972
"2015-06-30",110,111,109,109,3650300,95.343544
"2015-07-02",109,109.5,107,107,8533900,93.594109
"2015-07-03",107,108.5,107,107.5,3465000,94.031479
"2015-07-06",106,107,105.5,106.5,3691000,93.156761
"2015-07-07",105.5,107,104.5,107,4819700,93.594109
"2015-07-08",105.5,106.5,102,103,13109000,90.095276
"2015-07-09",102,102.5,100,101,19467500,88.345848
"2015-07-10",102,102.5,100,102,23109300,89.220566
"2015-07-13",101,102,100,101.5,7723700,88.783203
"2015-07-14",101.5,102,100,100,9508000,87.471146
"2015-07-15",101,102,100.5,100.5,5039400,87.908493
"2015-07-16",100.5,100.5,98.25,98.25,13335700,85.940399
"2015-07-17",98,98.5,95.75,96.25,14115800,84.190979
"2015-07-20",96.5,97,96,96,5937100,83.972298
"2015-07-21",96.25,96.25,95,95.25,5329900,83.316261
"2015-07-22",94.25,94.5,92,92,11603300,80.47345
"2015-07-23",91.75,93.75,91.5,91.75,9871100,80.254768
"2015-07-24",91,91.5,90,90,9196000,78.72403
"2015-07-27",89.25,89.5,87.5,87.5,11173200,76.537254
"2015-07-28",89,89.25,88,89.25,9262900,78.067978
"2015-07-29",90.25,91.5,89.5,90.75,8515600,79.380058
"2015-07-31",92,93.5,91.5,93.5,9221900,81.785522
"2015-08-03",92,92.5,90.25,91,4958400,79.598732
"2015-08-04",88.5,89.25,88.25,88.75,6023900,78.493195
"2015-08-05",89.75,90.75,89,90,5902700,79.598732
"2015-08-06",90,90,88.5,88.75,2607400,78.493195
"2015-08-07",88.25,88.25,87,87,4872300,76.94545
"2015-08-10",86.75,86.75,83.5,83.5,8297600,73.849945
"2015-08-11",84.5,84.75,81,81,10889700,71.638863
"2015-08-13",80,83,79.5,83,11951600,73.407722
"2015-08-14",82,84,81.75,83.75,5631600,74.071053
"2015-08-17",83,83,81,81,5352500,71.638863
"2015-08-18",78.75,80.5,78.75,80,7426200,70.75444
"2015-08-19",81,81.75,79.5,81.25,4005400,71.859978
"2015-08-20",79.25,80,77,77.25,11137100,68.32225
"2015-08-21",77.25,78.25,76,76.25,11693700,67.43782
"2015-08-24",73.5,73.5,69.5,69.5,12890900,61.467915
"2015-08-25",70.5,71.75,67,71.75,17288300,63.457882
"2015-08-26",69.5,71.25,68.5,68.5,14381500,60.583477
"2015-08-27",70,75.75,69.5,75,18171800,66.332283
"2015-08-28",80.5,84,79,81,32721000,71.638863
"2015-08-31",80.5,80.75,79,79.5,11331500,70.31221
"2015-09-01",81.5,81.75,75,75.5,18326800,66.774498
"2015-09-02",74.5,75.25,73.25,74,14474800,65.447853
"2015-09-03",75,75.75,73.25,73.5,9387600,65.00563
"2015-09-04",73.5,74.25,73.25,73.5,7005000,65.00563
"2015-09-07",73.75,76.5,73.25,76,7171000,67.216713
"2015-09-08",76,76.25,73.75,76.25,7960000,67.43782
"2015-09-09",78,78,76.75,77.75,10940300,68.764465
"2015-09-10",76,76.75,75.5,76.75,5616700,67.880035
"2015-09-11",77.25,77.5,74.75,74.75,5536500,66.111176
"2015-09-14",73.5,73.75,72,73,7460000,64.563423
"2015-09-15",73,73.25,71.25,71.5,6311600,63.236771
"2015-09-16",72.25,72.5,71.5,72.25,8868100,63.900101
"2015-09-17",74,74.75,73,73.75,12266000,65.226746
"2015-09-18",73.75,74,72.75,72.75,6540600,64.342308
"2015-09-21",72,74,71.75,74,4028500,65.447853
"2015-09-22",74.25,74.25,72,72.25,5607100,63.900101
"2015-09-23",72,72.5,71,72.5,5830900,64.121216
"2015-09-24",71.5,73,71.5,72.75,4849500,64.342308
"2015-09-25",72.75,73.75,72,73.75,7548300,65.226746
"2015-09-28",73,73,71.5,71.5,5095500,63.236771
"2015-09-29",70,71.75,70,70.5,7030700,62.352348
"2015-09-30",70.75,71.5,70,70,7860500,61.910126
"2015-10-01",70.5,71,69.5,70,5287700,61.910126
"2015-10-02",70,71,69.75,70.25,4531000,62.131237
"2015-10-05",71,71.75,70.75,71.5,10073200,63.236771
"2015-10-06",71.5,72.25,69.25,69.75,13588400,61.689026
"2015-10-07",72.25,77.25,71.5,76.75,35696300,67.880035
"2015-10-08",75.5,76.5,74.5,74.75,17143100,66.111176
"2015-10-09",77,78,76.5,76.75,23738700,67.880035
"2015-10-12",76.75,77,75.25,75.75,13450600,66.995605
"2015-10-13",73.75,74.25,72.5,73.25,13309300,64.784531
"2015-10-14",73,74,72.75,73.5,8638900,65.00563
"2015-10-15",73.75,74.75,73.75,74.5,6325700,65.890068
"2015-10-16",75,75,74,75,7378600,66.332283
"2015-10-19",74.75,75,73,73.25,9079100,64.784531
"2015-10-20",72.75,73.25,71.75,71.75,11251100,63.457882
"2015-10-21",72.25,73.5,72,73.25,5830800,64.784531
"2015-10-22",73,73,72.25,72.75,2147200,64.342308
"2015-10-26",71.75,75.25,70.75,75,27524300,66.332283
"2015-10-27",73.75,74.75,73.5,74.25,9710900,65.668961
"2015-10-28",74.25,74.5,73,73.75,6992300,65.226746
"2015-10-29",74.75,75,73,73,9877500,64.563423
"2015-10-30",73,73.5,72.75,73,5333000,64.563423
"2015-11-02",73,75.5,73,75,12529200,66.332283
"2015-11-03",75.25,75.75,75,75.25,8397200,66.553391
"2015-11-04",77,77.5,76.25,76.75,18840800,67.880035
"2015-11-05",75.75,76,74.75,75,9763900,66.332283
"2015-11-06",75,75.25,74.25,74.75,5991500,66.111176
"2015-11-09",74.5,74.5,73.5,74,2917600,65.447853
"2015-11-10",73.75,74,73,73.25,3885300,64.784531
"2015-11-11",73.25,73.5,72.5,72.75,3526200,64.342308
"2015-11-12",72.5,73.5,72,73,2748000,64.563423
"2015-11-13",72,73,71.75,72.5,2761800,64.121216
"2015-11-16",72,72.25,71.25,72.25,4234900,63.900101
"2015-11-17",73,73.25,71.25,71.5,5696400,63.236771
"2015-11-18",71.75,72.25,70.75,70.75,3356300,62.573452
"2015-11-19",71,72,70.5,70.75,3316800,62.573452
"2015-11-20",71,72.5,70.25,72,4320500,63.678989
"2015-11-23",71.75,72.25,70.75,70.75,2609000,62.573452
"2015-11-24",71,71.25,70.25,70.25,3138100,62.131237
"2015-11-25",71,71.5,70.5,70.75,5305200,62.573452
"2015-11-26",71.25,72,68.75,69,8875600,61.025703
"2015-11-27",69,69,68,68,5366500,60.141266
"2015-11-30",68,68.75,65.25,65.25,14814900,57.709084
"2015-12-01",65.25,65.75,61.5,62.25,23487600,55.05579
"2015-12-02",62.75,64.5,61.75,62,10850100,54.834682
"2015-12-03",61.75,62.75,61.25,62.75,6005000,55.498009
"2015-12-04",62.5,62.75,61.75,61.75,3719500,54.613579
"2015-12-08",58.25,58.5,57.5,57.75,10693400,51.075851
"2015-12-09",57.75,58,55,55,15452300,48.643673
"2015-12-11",55,57,54.25,56,9354600,49.528103
"2015-12-14",54.75,58,54.5,58,9332100,51.296959
"2015-12-15",59.5,59.5,56.5,57.5,9732100,50.854752
"2015-12-16",59,60.5,58.25,59.25,11379400,52.4025
"2015-12-17",58.5,61,58.25,60.5,7033500,53.508038
"2015-12-18",59,59.5,57,57.25,6662800,50.633644
"2015-12-21",57,58.5,56.75,57.75,7390300,51.075851
"2015-12-22",58,59.25,58,59,4459100,52.181389
"2015-12-23",59.5,59.75,58.5,59.25,4938400,52.4025
"2015-12-24",60.5,61.75,60.25,61.5,7771900,54.392467
"2015-12-25",61.25,61.25,59.75,59.75,2148100,52.844715
"2015-12-28",61,61,58.25,58.5,3233800,51.739178
"2015-12-29",58,58.25,56.75,57.75,3393900,51.075851
"2015-12-30",58,59,57.25,57.25,3386300,50.633644
"2016-01-04",57,58,55.25,55.75,5657100,49.306995
"2016-01-05",57,57.25,54,54,8163500,47.759239
"2016-01-06",54.5,54.5,52.75,54,7304800,47.759239
"2016-01-07",51,51.75,48.5,48.75,14233900,43.115982
"2016-01-08",49.25,51.25,48.5,50.25,11249900,44.442627
"2016-01-11",49.5,49.5,46.75,48.75,8820000,43.115982
"2016-01-12",46.75,48.5,46.25,48.5,8548900,42.894875
"2016-01-13",49,50.75,48.25,50.75,18789400,44.884842
"2016-01-14",49,49,47.5,47.5,10306100,42.010448
"2016-01-15",47.75,48.25,44.25,44.25,17858000,39.136044
"2016-01-18",42.75,44,41.25,42.5,14453500,37.588291
"2016-01-19",43,46,43,45.25,12986600,40.020473
"2016-01-20",43,43.5,42.25,43,11415900,38.030506
"2016-01-21",43.75,44.25,42.25,42.75,14385500,37.809402
"2016-01-22",44.75,48.5,44.25,48.25,30082900,42.673771
"2016-01-25",50,53,49.75,50.5,49257200,44.663738
"2016-01-26",49.25,51,48.5,50.25,16575000,44.442627
"2016-01-27",52.5,53.25,51,51.75,22473700,45.769276
"2016-01-28",53,57.5,51.5,56.75,56537000,50.191425
"2016-01-29",57,57.25,55.5,57,29393700,50.412533
"2016-02-01",56.5,59.75,55.5,57,35271100,50.412533
"2016-02-02",56,56.5,53.75,54.75,23588400,48.422562
"2016-02-03",53.25,56.75,52.5,56.75,25498400,50.191425
"2016-02-04",58.5,59.25,57.75,58,24422000,51.296959
"2016-02-05",58,59.5,57.25,59.5,15047200,52.623611
"2016-02-08",59,59.75,58.75,58.75,11847200,51.960285
"2016-02-09",56.25,59,55.75,58.75,13035100,53.791485
"2016-02-10",57.25,58,56.5,57.75,14922500,52.875889
"2016-02-11",56.5,57.25,53.75,54,21457900,49.442387
"2016-02-12",54.75,56,54.5,55.5,18076600,50.815784
"2016-02-15",57.25,58.5,57,58,31545400,53.104782
"2016-02-16",60,62,59.75,61,35001600,55.851585
"2016-02-17",60,64.75,59.25,64.75,42811600,59.285088
"2016-02-18",67.75,68.25,65.75,66.5,44671800,60.887379
"2016-02-19",65.5,72,65.25,72,52675800,65.92318
"2016-02-23",72.25,73,69,69,61709600,63.176376
"2016-02-24",67.25,69.5,66.25,66.5,47260800,60.887379
"2016-02-25",67.75,68,66.25,67.5,21914300,61.80299
"2016-02-26",68.25,68.75,67,67.25,27322300,61.574081
"2016-02-29",66.75,69.25,66,67.75,30110300,62.031883
"2016-03-01",68.25,72,68.25,71.75,42252700,65.694283
"2016-03-02",72.5,75.25,70.75,73.5,55510100,67.296585
"2016-03-03",75,75.25,72.75,74.25,46270700,67.983284
"2016-03-04",74.5,74.5,72,72.5,31839900,66.380981
"2016-03-07",74.5,78,74,78,50442800,71.416779
"2016-03-08",77.75,80,76.75,77.75,61502000,71.187881
"2016-03-09",76.25,77.75,75.25,77.75,43162700,71.187881
"2016-03-10",78.25,78.5,75,75,33623900,68.669983
"2016-03-11",75.75,77.25,75.25,76.5,23895400,70.043381
"2016-03-14",76.5,76.75,73.25,73.25,23436000,67.067688
"2016-03-15",72,72.5,69.75,69.75,32562600,63.863079
"2016-03-16",70.5,73,70.25,72.25,32384600,66.152084
"2016-03-17",75,75.25,71.75,71.75,49856300,65.694283
"2016-03-18",72.5,73,68.25,69.5,66155200,63.634182
"2016-03-21",69.5,70,67.5,68.75,29136400,62.947479
"2016-03-22",69,70.5,67.5,68.75,41710200,62.947479
"2016-03-23",68.5,69.75,67.75,69,26307800,63.176376
"2016-03-24",67.75,68.5,66,66.25,36221100,60.658482
"2016-03-25",66.5,67.75,66.25,67.25,25659600,61.574081
"2016-03-28",67.75,68.5,67,67.75,8670400,62.031883
"2016-03-29",68,68.25,67.5,68,6756600,62.26078
"2016-03-30",68.75,71.25,68.25,70.75,39193600,64.778687
"2016-03-31",69.75,70.5,69,70.25,16697800,64.320877
"2016-04-01",70.25,70.25,69.25,69.75,7743800,63.863079
"2016-04-04",68.75,69.25,67.75,68.25,11471200,62.489689
"2016-04-05",67,67.5,66,66.5,22055400,60.887379
"2016-04-07",67.75,69.75,67.5,68,20048200,62.26078
"2016-04-08",68,69.5,67.5,68.75,9394500,62.947479
"2016-04-11",69.5,70,69,69.5,11434600,63.634182
"2016-04-12",70,70.25,69.25,69.75,7295300,63.863079
"2016-04-18",67.5,69.25,67.25,68.5,19132700,62.718586
"2016-04-19",68.75,71.75,68.75,71.5,28212700,65.465385
"2016-04-20",71.75,72.5,70.75,71.25,20011500,65.236473
"2016-04-21",73.5,75.5,73.25,75,39044200,68.669983
"2016-04-22",75,75.5,73.25,74,19231400,67.754387
"2016-04-25",73.5,74,73,73.25,8894000,67.067688
"2016-04-26",73,74.5,72.25,74.5,14330500,68.212189
"2016-04-27",75.75,76,74.25,75.5,23292300,69.127792
"2016-04-28",76.25,76.5,74.5,74.5,17032600,68.212189
"2016-04-29",75,75.5,74.5,75.25,14489900,68.898895
"2016-05-03",74.75,75.75,74,74,8097600,67.754387
"2016-05-04",73.25,73.25,70.25,70.75,22252700,64.778687
"2016-05-09",72.25,74,72,73.75,17118000,67.525482
"2016-05-10",71.5,74,71.25,74,14163900,67.754387
"2016-05-11",74.5,74.75,72.25,72.25,11222000,66.152084
"2016-05-12",73.5,75.75,73,75.75,17480600,69.356689
"2016-05-13",75.25,75.5,73.75,74.5,12017400,68.212189
"2016-05-16",75.75,76.5,75,75.5,14440600,69.127792
"2016-05-17",76.5,79.75,76.5,78,39566400,71.416779
"2016-05-18",79,79.5,77.5,77.5,22743600,70.958984
"2016-05-19",77,77,74.75,75,19571000,68.669983
"2016-05-23",75.25,75.75,74.5,75.5,8469400,69.127792
"2016-05-24",75.25,76.25,74.5,76,11561100,69.585587
"2016-05-25",77.5,78.25,77,77.5,16814900,70.958984
"2016-05-26",77.75,79.75,77.5,79,21470300,72.332375
"2016-05-27",78.5,81.5,78,81.25,26267700,74.392479
"2016-05-30",82.5,82.75,80.25,80.25,20871400,73.476883
"2016-05-31",80.75,80.75,77.75,77.75,35752400,71.187881
"2016-06-01",77.25,77.75,76.5,77,20962100,70.501175
"2016-06-02",77.75,79.75,77.5,79,17834800,72.332375
"2016-06-03",78.75,80.75,78.25,80.75,16874100,73.934685
"2016-06-06",80.5,81.5,80.25,81.5,13315800,74.621384
"2016-06-07",82,83,81.5,82.5,23174100,75.536987
"2016-06-08",82.75,83.5,81,83.25,22394000,76.223686
"2016-06-09",84.25,85,84,84,23216500,76.910378
"2016-06-10",83.25,83.75,81.5,82,17057900,75.079178
"2016-06-13",79.75,81.75,79.25,81,21030300,74.163582
"2016-06-14",81,82,80.25,80.75,18492000,73.934685
"2016-06-15",80.75,83,80,83,17768600,75.994789
"2016-06-16",82,82,80.25,80.75,17103300,73.934685
"2016-06-17",80.5,80.75,79.25,80,23759100,73.247986
"2016-06-20",81.5,83.25,81.25,82.25,20031400,75.308083
"2016-06-21",82.5,83.25,81.75,82.5,13502600,75.536987
"2016-06-22",82.5,84,82.5,83.5,14792300,76.452583
"2016-06-23",83.5,85.25,82.5,84,20935100,76.910378
"2016-06-24",81,82,79.25,79.75,42194200,73.019073
"2016-06-27",79.25,80.5,78.5,79.5,18555900,72.790176
"2016-06-28",80.25,81.25,79.75,81,16975500,74.163582
"2016-06-29",82,83,81.75,83,19185200,75.994789
"2016-06-30",84,84.25,82.5,83.75,10760300,76.681488
"2016-07-04",84.25,84.75,83.5,84,6496300,76.910378
"2016-07-05",84.25,84.5,82.5,82.5,10527100,75.536987
"2016-07-06",81.25,84,81,83.5,12891300,76.452583
"2016-07-07",84,84.5,83.75,83.75,7793200,76.681488
"2016-07-08",83,83.25,81.75,82,15577400,75.079178
"2016-07-11",82.5,82.5,81,81.75,9899100,74.850281
"2016-07-12",82.5,83.25,81.5,82.5,17095400,75.536987
"2016-07-13",82.75,83.25,82,82.25,12883000,75.308083
"2016-07-14",82.25,83.25,81.75,83,11613100,75.994789
"2016-07-15",83.5,84,82.75,83.25,14308900,76.223686
"2016-07-20",84,84.5,83.5,84.25,11759700,77.139275
"2016-07-21",84.25,86.75,84,85.5,27551200,78.283783
"2016-07-22",85.5,85.5,84.5,84.75,12944700,77.597084
"2016-07-25",84.5,85.25,84,84,5812000,76.910378
"2016-07-26",83.5,83.75,81.75,81.75,16093000,74.850281
"2016-07-27",82,83.25,81.75,82.25,10743600,75.308083
"2016-07-28",82.25,84,81.5,83,17596600,75.994789
"2016-07-29",82.25,83,82,82.5,11982000,75.536987
"2016-08-01",83.25,83.75,81.75,81.75,11949700,74.850281
"2016-08-02",80,80.5,78.75,79,21877300,72.332375
"2016-08-03",78.25,78.75,77.25,78.25,18028700,71.645676
"2016-08-04",79.5,80.25,79.5,79.5,14383100,72.790176
"2016-08-05",80.5,81.75,80.25,81,10388300,74.163582
"2016-08-08",81.5,82,81.25,82,11423700,75.079178
"2016-08-09",81.5,82.75,81.5,82.25,10234600,76.003235
"2016-08-10",82.25,82.5,81,81.25,4974400,75.079178
"2016-08-11",81.25,81.5,80.5,81,4747600,74.848167
"2016-08-15",82.25,82.75,81.75,82,14625900,75.772217
"2016-08-16",82.5,83,82,82.5,10389600,76.234245
"2016-08-17",82.5,83,81.75,82,8857400,75.772217
"2016-08-18",82,83,82,82.5,9129100,76.234245
"2016-08-19",83.25,84,82,82,13874400,75.772217
"2016-08-22",82,82.75,81.5,81.75,4733100,75.541206
"2016-08-23",81.25,81.75,80.5,80.75,7388800,74.617157
"2016-08-24",80.75,81.75,80.75,81,3654600,74.848167
"2016-08-25",81.5,81.5,80.5,81,4135000,74.848167
"2016-08-26",81,81.75,80.5,80.75,7098400,74.617157
"2016-08-29",81.5,82,80.5,80.75,5481400,74.617157
"2016-08-30",81.75,81.75,81,81.75,2521000,75.541206
"2016-08-31",81.75,82.25,80.75,81.25,9330000,75.079178
"2016-09-01",81,81.25,80.5,80.75,3665400,74.617157
"2016-09-02",80.25,80.25,79.25,79.5,7471600,73.46209
"2016-09-05",79.75,80.5,77.25,79.5,8626700,73.46209
"2016-09-06",79.75,80.75,79.5,79.5,8680300,73.46209
"2016-09-07",79.5,80,78.75,79,6536900,73.000061
"2016-09-08",79.5,79.75,78.25,78.5,12071700,72.53804
"2016-09-09",79.25,80.5,78.25,79.25,16067400,73.231079
"2016-09-12",77.5,77.5,75,75.25,11628500,69.534874
"2016-09-13",77,77.25,76.25,77.25,15173400,71.382973
"2016-09-14",77,77.5,76.25,76.5,5891700,70.689934
"2016-09-15",76,77,76,76.5,4716800,70.689934
"2016-09-16",78,79,77.75,78.75,9553400,72.769043
"2016-09-19",78.25,79.5,78.25,79.25,3223400,73.231079
"2016-09-20",79.25,79.5,77.75,78.75,6246100,72.769043
"2016-09-21",79.75,81,79,80.25,9754500,74.155128
"2016-09-22",81,81.5,80.5,81.25,6790900,75.079178
"2016-09-23",80.75,81.25,79.75,80.25,6190300,74.155128
"2016-09-26",79.25,79.75,78.75,79.75,3315200,73.6931
"2016-09-27",79.75,80,79,79,4504400,73.000061
"2016-09-28",79.75,80.25,79,79.75,6513500,73.6931
"2016-09-29",83,83,81.75,81.75,31527900,75.541206
"2016-09-30",82,82.25,81,81,9841600,74.848167
"2016-10-03",81.75,82.5,81.5,82.25,7385200,76.003235
"2016-10-04",82.5,83,82,82.75,11900000,76.465256
"2016-10-05",82.5,82.75,81.5,82.25,8137400,76.003235
"2016-10-06",82.5,83.5,82.5,83,15008100,76.696274
"2016-10-07",83.5,83.5,82.75,83,6295000,76.696274
"2016-10-10",80,80.75,79.5,80.5,8769300,74.386139
"2016-10-11",82.5,82.5,81.25,81.75,14525300,75.541206
"2016-10-12",81,81.75,77.5,80,20677600,73.924118
"2016-10-13",79.75,80.5,76,80.5,20721300,74.386139
"2016-10-14",83,83,80.75,82.5,14277400,76.234245
"2016-10-17",82.25,82.75,81.75,82.75,8765200,76.465256
"2016-10-18",83,83.5,82.5,83,11033800,76.696274
"2016-10-19",82.5,83.75,82.5,83.25,11146800,76.927284
"2016-10-20",85,85.75,84.5,85.5,18184500,79.006401
"2016-10-21",85.5,86.25,85.25,85.5,10210800,79.006401
"2016-10-25",85,85,84,84.25,6251500,77.851326
"2016-10-26",83.5,83.5,82,82.5,9256500,76.234245
"2016-10-27",82,83.5,81.75,83,7118300,76.696274
"2016-10-28",83.75,83.75,82.5,83.5,4626800,77.158287
"2016-10-31",82.75,83.5,82.5,83.25,4546700,76.927284
"2016-11-01",83.25,84,82.5,83.75,6468300,77.389305
"2016-11-02",83.5,83.5,81.25,81.75,8995200,75.541206
"2016-11-03",81.5,83,81.5,82.25,7039000,76.003235
"2016-11-04",81.5,82.75,81.25,82.5,6262100,76.234245
"2016-11-07",83,83.5,82.5,83,6170000,76.696274
"2016-11-08",82.75,83.25,82.25,82.75,6490500,76.465256
"2016-11-09",82,82.25,80,81.25,16140900,75.079178
"2016-11-10",82,82.25,81.25,81.5,8299500,75.310196
"2016-11-11",81,81.5,80.75,80.75,4268300,74.617157
"2016-11-14",79.25,79.75,78.25,78.5,8347800,72.53804
"2016-11-15",79,81.75,78.5,81,11752200,74.848167
"2016-11-16",82.5,83,81.25,81.25,12038700,75.079178
"2016-11-17",81.25,81.5,80,81,4283100,74.848167
"2016-11-18",81,81,80,80.75,4748800,74.617157
"2016-11-21",81.25,82.25,80.75,82,4266400,75.772217
"2016-11-22",83.25,83.5,82.5,83.25,8445400,76.927284
"2016-11-23",83.25,83.5,82.5,82.75,5002300,76.465256
"2016-11-24",82.75,83.25,82.25,82.5,4225100,76.234245
"2016-11-25",82.5,83,82,82.5,2092100,76.234245
"2016-11-28",82.5,82.5,81.5,82,5144500,75.772217
"2016-11-29",82.25,82.5,81.25,81.5,9235000,75.310196
"2016-11-30",81,83,81,82.5,9062500,76.234245
"2016-12-01",85.5,88.75,85,88.5,49795600,81.778549
"2016-12-02",89.5,91.75,88.25,89.5,30402200,82.702599
"2016-12-06",88.75,91.25,87,91.25,30224100,84.319695
"2016-12-07",90,92,89.5,91,16655000,84.088676
"2016-12-08",90.75,91.75,90.25,90.75,10269800,83.857674
"2016-12-09",91.75,92.75,91.25,91.75,19369100,84.781723
"2016-12-13",93,93.75,91.75,93.75,20398100,86.629822
"2016-12-14",93.25,93.5,92.5,92.75,7542600,85.705772
"2016-12-15",91.75,93,91.5,92,11969900,85.012733
"2016-12-16",92.25,93,91.25,91.25,11064600,84.319695
"2016-12-19",92,92.5,91.75,92,4273000,85.012733
"2016-12-20",91.75,91.75,89.75,90.25,11603500,83.395645
"2016-12-21",90.5,91.75,90.5,90.75,8156100,83.857674
"2016-12-22",90.75,92.25,90.5,91.5,7156300,84.550705
"2016-12-23",91.5,91.75,90.75,91,5279200,84.088676
"2016-12-26",90.75,92,90.75,91.5,2818200,84.550705
"2016-12-27",91.5,92,90.75,91.75,3589200,84.781723
"2016-12-28",92.5,95,92.25,94.75,12852500,87.553871
"2016-12-29",94.5,95.75,94,95.25,10615600,88.0159
"2016-12-30",95.25,97,95,96.25,9954400,88.939949
"2017-01-04",96.25,98.75,96,98.5,17352200,91.019066
"2017-01-05",98.5,99.5,98,98,18246200,90.557045
"2017-01-06",98,99.5,97.25,98.5,11993700,91.019066
"2017-01-09",98.5,98.75,97.5,97.75,4042300,90.326027
"2017-01-10",97,97.75,95.75,96,14319100,88.708939
"2017-01-11",95.5,97.5,95,96.5,12735400,89.170967
"2017-01-12",97.5,97.75,96.5,96.75,4859400,89.40197
"2017-01-16",95.5,97.25,95.5,96.75,7327100,89.40197
"2017-01-17",96.75,97.25,96,96,3845600,88.708939
"2017-01-18",96.25,96.5,94.5,94.5,7157300,87.322868
"2017-01-19",94.5,95.25,93.75,94.25,8214000,87.091843
"2017-01-20",94.5,97.75,94.25,97.5,12871300,90.095016
"2017-01-23",97.5,97.75,96,96,5995500,88.708939
"2017-01-24",95.5,96.75,94.75,95,15770100,87.784889
"2017-01-25",95.25,95.5,94.5,94.5,12844100,87.322868
"2017-01-26",95.25,99,95.25,98.5,35235500,91.019066
"2017-01-27",99,99.25,97.5,97.75,9484400,90.326027
"2017-01-30",97.5,102,97.25,102,19016800,94.253242
"2017-01-31",101,101.5,98,98,26624600,90.557045
"2017-02-01",97.25,99.75,96.75,98.75,24738300,91.250084
"2017-02-02",98.75,99,97.25,97.5,11541900,90.095016
"2017-02-03",97.75,98.75,97.25,97.75,16216800,90.326027
"2017-02-06",98,98.75,97.75,98.5,12023600,91.019066
"2017-02-07",96,96.75,96,96.25,8907500,91.256096
"2017-02-08",96.25,96.25,95.25,95.5,9914800,90.545013
"2017-02-09",95.75,96.5,94.5,94.5,13245700,89.596901
"2017-02-10",95.25,95.5,93.5,93.5,12812800,88.648781
"2017-02-14",92.75,93.25,90.75,91.5,14751400,86.752556
"2017-02-15",91.5,93,91.5,93,10639100,88.174721
"2017-02-16",93,93,91.75,92.5,6266900,87.700661
"2017-02-17",92.5,93.25,91.75,91.75,8899800,86.989578
"2017-02-20",92,94,91.75,93.75,7256400,88.885811
"2017-02-21",93.5,94.75,93.25,93.5,10522800,88.648781
"2017-02-22",94,94.75,93,94.5,10384200,89.596901
"2017-02-23",94,94.25,91.75,92.5,13864400,87.700661
"2017-02-24",93,93.5,92,92.25,6288600,87.463638
"2017-02-27",92.5,92.75,91.75,92.25,6768600,87.463638
"2017-02-28",92.75,93.5,92.25,93,6487900,88.174721
"2017-03-01",93,93.5,92.5,93.25,3201500,88.411751
"2017-03-02",93.5,93.75,93,93.25,5537200,88.411751
"2017-03-03",93,93,92.5,92.5,3566900,87.700661
"2017-03-06",92.25,92.5,91,91,6843900,86.278496
"2017-03-07",91.25,92,91,91,5378200,86.278496
"2017-03-08",91.25,92,90.75,91.5,7461100,86.752556
"2017-03-09",90,90.25,89.25,89.5,10438500,84.856323
"2017-03-10",89,89.25,88.25,88.75,7692600,84.145233
"2017-03-13",88.25,89.75,87.75,89.75,5997000,85.093346
"2017-03-14",89.25,90,89,89.5,6288900,84.856323
"2017-03-15",89.5,89.5,88.5,88.75,7818600,84.145233
"2017-03-16",91,91.75,90.25,91.25,10284300,86.515518
"2017-03-17",91.25,91.5,90,90,5919000,85.330383
"2017-03-20",90.5,91,90,90,5555900,85.330383
"2017-03-21",90.5,91.5,90.5,91.25,5742300,86.515518
"2017-03-22",90.5,91.25,90.25,91.25,5430300,86.515518
"2017-03-23",91.25,92,91,91.25,5200400,86.515518
"2017-03-24",91.75,92.75,91.5,92.25,7592700,87.463638
"2017-03-27",92,92.75,91.75,92,6347900,87.226601
"2017-03-28",93,93,92,92.5,4532800,87.700661
"2017-03-29",92.5,92.75,91.75,92.25,2607700,87.463638
"2017-03-30",92.75,93.25,92,93,9525100,88.174721
"2017-03-31",93.75,94.5,93,93,8847600,88.174721
"2017-04-03",94,95.75,93.5,95,11245900,90.070953
"2017-04-04",95.5,97,95.25,97,10487200,91.967186
"2017-04-05",97.25,97.25,96,96.75,5995500,91.730148
"2017-04-07",97.5,97.5,96.5,97,6757900,91.967186
"2017-04-10",97,98.5,97,98.5,7629700,93.389359
"2017-04-11",98.5,98.75,98,98.5,5322300,93.389359
"2017-04-12",98.75,99.5,98.5,99.25,7307300,94.100441
"2017-04-17",98.75,99,96.5,96.5,11018600,91.493126
"2017-04-18",97,98.25,96.75,96.75,5911800,91.730148
"2017-04-19",96.75,97.25,96.5,96.75,6298700,91.730148
"2017-04-20",96.5,96.5,95.25,95.5,5811100,90.545013
"2017-04-21",96,96.75,95.75,95.75,2716800,90.782043
"2017-04-24",96.5,96.5,95.75,96.25,2228200,91.256096
"2017-04-25",96.5,97.5,95.75,97.25,5322700,92.204216
"2017-04-26",96.75,97.25,96.5,97,3042800,91.967186
"2017-04-27",96.5,98,96.5,97.75,5557300,92.678268
"2017-04-28",98,98.25,97,97.25,4868200,92.204216
"2017-05-02",98,98,96,96,5548100,91.019066
"2017-05-03",96.25,97.25,95.75,97,3246200,91.967186
"2017-05-04",97,97.5,95.5,96,4725300,91.019066
"2017-05-08",93.75,94.75,93.25,94.5,9898100,89.596901
"2017-05-09",94.75,95.5,94.25,94.25,4797700,89.359871
"2017-05-11",95.25,96,94.5,95,6137000,90.070953
"2017-05-12",94.5,95.25,93.5,93.5,3686500,88.648781
"2017-05-15",94.75,94.75,94.75,94.75,207100,89.833923
"2017-05-16",94.75,97,94.75,96.75,6820500,91.730148
"2017-05-17",96.25,96.5,95.25,95.5,3461100,90.545013
"2017-05-18",95.25,95.5,94,94.25,5846700,89.359871
"2017-05-19",94.25,95,93.5,94,4639400,89.122833
"2017-05-22",94.5,95.25,94.25,94.5,4669400,89.596901
"2017-05-23",94.5,95,94,94.25,4726200,89.359871
"2017-05-24",94.25,95,93.75,94.5,4696400,89.596901
"2017-05-25",94.25,94.5,93.75,94,3893400,89.122833
"2017-05-26",93,93.25,92.25,92.5,13499700,87.700661
"2017-05-29",92.75,93,91.5,91.75,5458800,86.989578
"2017-05-30",91.75,92,91.25,91.5,2852500,86.752556
"2017-05-31",91.25,91.75,90,90,12142800,85.330383
"2017-06-01",89.75,90.75,89.75,90,6296200,85.330383
"2017-06-02",90.25,90.75,90,90,4888700,85.330383
"2017-06-05",90,90.75,85.75,86.75,31385100,82.249001
"2017-06-06",87.25,87.5,85.25,86.25,18618000,81.774948
"2017-06-07",86.75,88.75,86.75,87.5,20342700,82.960083
"2017-06-08",87.25,87.75,86.5,87.5,6987300,82.960083
"2017-06-09",87.25,87.5,86.75,87,9027800,82.486031
"2017-06-12",87.25,87.5,86.75,87.25,3826600,82.723068
"2017-06-13",87,89.75,86.5,89.5,21526500,84.856323
"2017-06-14",89.5,89.5,88.25,89,11172000,84.382263
"2017-06-15",88.25,88.5,87.25,87.75,11372100,83.197121
"2017-06-16",87.75,88.5,87.25,87.75,8445600,83.197121
"2017-06-19",88,88.5,88,88.5,4058000,83.908203
"2017-06-20",88.5,89.75,88,89,14060600,84.382263
"2017-06-21",88.5,88.5,86.25,86.75,21400800,82.249001
"2017-06-22",86.5,87.25,86,86.5,13550300,82.011978
"2017-06-23",86.75,87.25,86.25,86.5,8017100,82.011978
"2017-06-26",87.25,87.75,87,87,5580000,82.486031
"2017-06-27",87.5,87.5,86.25,86.75,6397900,82.249001
"2017-06-28",87,87.25,86.5,87,11074900,82.486031
"2017-06-29",87.5,87.75,86.25,86.75,8376800,82.249001
"2017-06-30",86.75,87,86,86.25,8338400,81.774948
"2017-07-03",87,87.25,86.75,87,4607500,82.486031
"2017-07-04",87.25,87.75,86.75,87,4552000,82.486031
"2017-07-05",86.75,87,86.25,87,3680900,82.486031
"2017-07-06",86.5,86.75,84,84.25,27218000,79.878716
"2017-07-07",84,85.25,83.75,84.5,7179500,80.115738
"2017-07-11",84.5,84.75,82.75,82.75,9329100,78.456543
"2017-07-12",83.5,84.5,83.5,83.75,5748000,79.404663
"2017-07-13",84.25,84.75,84,84.75,4312900,80.352776
"2017-07-14",85,85.25,84,84.75,4931500,80.352776
"2017-07-17",85,85.25,84.5,84.75,2317800,80.352776
"2017-07-18",84.75,85.25,84.25,84.75,4581900,80.352776
"2017-07-19",84.5,84.5,83.75,84.5,3661600,80.115738
"2017-07-20",84.5,85,84.25,84.5,3321100,80.115738
"2017-07-21",84.75,84.75,84,84.5,3429700,80.115738
"2017-07-24",84,84.25,83.75,84.25,3305400,79.878716
"2017-07-25",84,86.75,84,86.5,16874500,82.011978
"2017-07-26",87.25,87.75,87,87.25,10259100,82.723068
"2017-07-27",87.25,88,86.75,87.75,7818500,83.197121
"2017-07-31",88.25,88.5,87.75,88,10106500,83.434151
"2017-08-01",88,88,87.25,87.25,4841300,82.723068
"2017-08-02",86.75,87.5,86.25,87.5,4861500,82.960083
"2017-08-03",87.5,88.25,87.5,87.5,4625600,82.960083
"2017-08-04",88,88,87,87,3200100,82.486031
"2017-08-07",87.5,87.75,87.25,87.25,2244400,82.723068
"2017-08-08",86,87,85.75,87,3582700,83.92894
"2017-08-09",86.5,86.75,86.25,86.5,2259400,83.446594
"2017-08-10",86.5,86.75,85.5,86,2542700,82.964241
"2017-08-11",85.75,86,85,85.25,5941500,82.240715
"2017-08-15",85.5,86.5,85.25,86,3257300,82.964241
"2017-08-16",85.75,86.25,84.75,84.75,5429600,81.758362
"2017-08-17",84.75,85.25,84.25,84.25,4351500,81.276016
"2017-08-18",84.25,85,84.25,84.5,3147800,81.517189
"2017-08-21",84.75,86.25,84.75,86.25,5247400,83.205414
"2017-08-22",85.5,85.75,85,85.5,4109000,82.481888
"2017-08-23",85.5,85.75,85,85.5,2712800,82.481888
"2017-08-24",85.75,86,85,85.75,4615700,82.723068
"2017-08-25",85.5,85.75,85,85.5,2904200,82.481888
"2017-08-28",85.75,85.75,85.75,85.75,723200,82.723068
"2017-08-29",85.75,87.75,85.25,87.5,19747900,84.411285
"2017-08-30",87.5,89,87.25,87.75,23757400,84.652458
"2017-08-31",87.75,88,87,87.5,7552800,84.411285
"2017-09-01",88.25,88.5,87.5,88,4833100,84.893639
"2017-09-04",88,88.25,87.5,87.75,2527600,84.652458
"2017-09-05",87.5,88,87.5,87.75,3484100,84.652458
"2017-09-06",88.25,88.5,87.75,88.25,5526100,85.134811
"2017-09-07",88.5,90.5,88.5,90.5,23068200,87.305389
"2017-09-08",90.75,91.25,89.75,90,19538900,86.823036
"2017-09-11",90,90,88.5,88.75,8577800,85.617165
"2017-09-12",89,89.25,87.25,87.75,16899300,84.652458
"2017-09-13",88.25,88.25,86.75,87,11971300,83.92894
"2017-09-14",87.5,89.25,87.25,89.25,17286900,86.09951
"2017-09-15",89,89.25,88.25,88.75,12400000,85.617165
"2017-09-18",89,91,89,90,19019300,86.823036
"2017-09-19",90.5,91.75,89.75,91.5,19027900,88.270088
"2017-09-20",91.25,91.75,90.25,91,11794600,87.787743
"2017-09-21",91.25,91.75,90.75,90.75,6372400,87.546562
"2017-09-22",90.75,90.75,88.25,88.5,17203600,85.375984
"2017-09-25",89,89.5,88.5,89.5,6606400,86.340691
"2017-09-26",90.75,91.25,90.5,90.5,16568700,87.305389
"2017-09-27",90.5,90.75,89,89.75,8392500,86.581863
"2017-09-28",90.25,90.25,89.25,89.75,7528500,86.581863
"2017-09-29",89.75,90.5,89.25,89.5,6780500,86.340691
"2017-10-02",89.75,91,89.75,90.75,9359600,87.546562
"2017-10-03",90.25,91.25,90.25,90.75,8138000,87.546562
"2017-10-04",90.25,91,89.5,89.5,7396300,86.340691
"2017-10-05",89.75,90.25,89.5,90,3270700,86.823036
"2017-10-06",90.25,90.5,89.25,89.5,6901200,86.340691
"2017-10-09",89.75,90.25,89.25,89.25,5818400,86.09951
"2017-10-10",89.5,91.5,89.25,91.25,13510900,88.028915
"2017-10-11",92,92.5,91.5,91.75,17967600,88.511269
"2017-10-12",92,93.5,91.75,92.5,19960700,89.234795
"2017-10-16",93,93,93,93,850100,89.71714
"2017-10-17",93,93.5,92.5,93.25,5295800,89.958321
"2017-10-18",93,93.25,91.5,91.75,7286000,88.511269
"2017-10-19",91.5,92,90,90.25,14094800,87.064217
"2017-10-20",90.25,90.25,85,86.25,59971000,83.205414
"2017-10-24",86.25,87,85.5,85.75,9759200,82.723068
"2017-10-25",85.75,86.5,85.75,86,8848400,82.964241
"2017-10-27",86,86.5,85.5,85.5,6885900,82.481888
"2017-10-30",86.5,87,86,86.75,13662900,83.687767
"2017-10-31",86.75,87.25,86.25,86.25,7046000,83.205414
"2017-11-01",86.5,86.5,85.5,85.75,8930800,82.723068
"2017-11-02",87,88.5,87,87.75,26079500,84.652458
"2017-11-03",88.75,90,88.5,89,15398300,85.858337
"2017-11-06",90,92.75,89.5,91.75,30059600,88.511269
"2017-11-07",93,95.25,92.75,94.5,50539500,91.164185
"2017-11-08",94.5,95,93.5,94.5,16252100,91.164185
"2017-11-09",94.75,94.75,92.75,93.5,13429700,90.199493
"2017-11-10",93.75,94.5,93.5,93.75,12816000,90.440666
"2017-11-13",93.25,94,93,93.75,9887000,90.440666
"2017-11-14",94,94,93,93.25,7653100,89.958321
"2017-11-15",92.5,92.5,90.75,92,15025000,88.752441
"2017-11-16",92.5,92.5,91.75,92,6564100,88.752441
"2017-11-17",92.5,92.5,91,92,5919200,88.752441
"2017-11-20",92.25,92.75,92,92,6851200,88.752441
"2017-11-21",92.75,92.75,92.75,92.75,6873500,89.475967
"2017-11-22",92.75,94,92.75,93.25,8187300,89.958321
"2017-11-23",93.5,94,93,94,9134200,90.681847
"2017-11-24",94.25,94.5,92.5,93,5762000,89.71714
"2017-11-27",92.75,93.75,92.75,93.75,3664300,90.440666
"2017-11-28",93.5,93.5,92.75,93.5,5045900,90.199493
"2017-11-29",93,93.25,91.75,92,7052000,88.752441
"2017-11-30",91.25,92,91.25,91.25,8826300,88.028915
"2017-12-01",91.75,92.75,91.75,92.25,7507300,88.993614
"2017-12-04",92.5,93.5,92.25,93,5031200,89.71714
"2017-12-06",93.5,94,93.25,93.25,10012800,89.958321
"2017-12-07",92.5,93.25,92.5,93.25,6478000,89.958321
"2017-12-08",93.25,93.75,92.75,93.5,5923000,90.199493
"2017-12-12",94,94.5,93.5,94.25,15069500,90.923019
"2017-12-13",94,94.25,93,93.5,11389200,90.199493
"2017-12-14",93.5,94.25,93.25,94,5167100,90.681847
"2017-12-15",93.75,95,93.75,94.5,9497400,91.164185
"2017-12-18",95,97.75,94.5,97.5,20757900,94.058296
"2017-12-19",97.5,99.5,97,99,23042900,95.505348
"2017-12-20",99,99.25,98.25,99,8893900,95.505348
"2017-12-21",98.75,100,98.5,99.5,9923900,95.987694
"2017-12-22",99,99.75,98.75,99.75,7984500,96.228874
"2017-12-25",100,100.5,99.5,100.5,5535400,96.9524
"2017-12-26",100,100.5,99.25,100.5,5818000,96.9524
"2017-12-27",101.5,103,101.5,102,16585900,98.399445
"2017-12-28",102.5,102.5,98.75,99.25,16378100,95.746521
"2017-12-29",99.75,100.5,99.25,100,6587300,96.470047
"2018-01-03",100.5,103,99.75,101.5,15577400,97.917091
"2018-01-04",104,106,103,106,22761100,102.258247
"2018-01-05",107,108,105.5,107,21279300,103.222946
"2018-01-08",106,107,105.5,105.5,8358800,101.775894
"2018-01-09",107,107,107,107,961400,103.222946
"2018-01-10",108.5,110,107,107,28993800,103.222946
"2018-01-11",107,108.5,105.5,108.5,10631800,104.669991
"2018-01-12",111.5,112,109.5,111,15379600,107.081749
"2018-01-15",113,113.5,112,113,15791000,109.011154
"2018-01-16",113.5,114.5,112.5,112.5,9051100,108.528801
"2018-01-17",111,113.5,109.5,113.5,18530500,109.4935
"2018-01-18",113.5,116,113,114,18025000,109.975853
"2018-01-19",113.5,115,111,115,16879600,110.940552
"2018-01-22",113.5,116,113,115.5,11113100,111.422897
"2018-01-23",116,118.5,115.5,117,20479700,112.869949
"2018-01-24",116.5,118.5,116,117.5,16339000,113.352303
"2018-01-25",118.5,120.5,117,117.5,18855800,113.352303
"2018-01-26",117,119.5,116,119.5,16828800,115.2817
"2018-01-29",120,120.5,119,120.5,11855100,116.246407
"2018-01-30",119.5,119.5,117,118,16048500,113.834648
"2018-01-31",116,120,114.5,119,32374200,114.799355
"2018-02-01",119,122,119,121.5,18021300,117.211105
"2018-02-02",123,123.5,121.5,122.5,11107700,118.175804
"2018-02-05",118.5,121,118.5,119.5,14663400,115.2817
"2018-02-06",117,118,115,118,31439100,113.834648
"2018-02-07",116,117,114.5,115.5,18744200,114.081581
"2018-02-08",114,115,112.5,113.5,19123500,112.10614
"2018-02-09",111.5,113,111,112,16957800,110.624557
"2018-02-12",112,115.5,111.5,115.5,17723300,114.081581
"2018-02-13",115,115.5,113,114,14602400,112.599998
"2018-02-14",113.5,114,110,110,16188300,108.649124
"2018-02-15",112.5,113.5,111.5,112.5,12212900,111.118423
"2018-02-16",113,113.5,112.5,112.5,6865700,111.118423
"2018-02-19",113.5,114.5,112.5,112.5,10055600,111.118423
"2018-02-20",112.5,113.5,112,113,8447100,111.612282
"2018-02-21",114,114.5,113,114.5,15757700,113.093857
"2018-02-22",114.5,116.5,114,115,21213500,113.587723
"2018-02-23",116.5,116.5,113.5,115.5,12874100,114.081581
"2018-02-26",115.5,118,115.5,118,19638500,116.55088
"2018-02-27",119,120,117,117,21259900,115.563156
"2018-02-28",116,117,115,115.5,17046600,114.081581
"2018-03-02",115,116,114,115,9325500,113.587723
"2018-03-05",115.5,115.5,109.5,111.5,22611700,110.130699
"2018-03-06",113.5,113.5,113.5,113.5,752400,112.10614
"2018-03-07",112.5,112.5,110.5,111.5,8893300,110.130699
"2018-03-08",114,114,111.5,112.5,11169200,111.118423
"2018-03-09",113,113.5,111.5,113.5,7380400,112.10614
"2018-03-12",115.5,115.5,114,115.5,12577400,114.081581
"2018-03-13",115,116,114,115.5,6228200,114.081581
"2018-03-14",115,116.5,114.5,115.5,9353000,114.081581
"2018-03-15",116,117,115.5,116,8625600,114.575439
"2018-03-16",115,117.5,115,117,8986000,115.563156
"2018-03-19",118,118,116,116.5,5685000,115.069298
"2018-03-20",115,116.5,113,114.5,13180000,113.093857
"2018-03-21",115.5,116.5,115.5,116,6549600,114.575439
"2018-03-22",117.5,118.5,116,116,10838700,114.575439
"2018-03-23",114.5,115.5,113.5,115.5,10267700,114.081581
"2018-03-26",116,117.5,115.5,117.5,6062600,116.057014
"2018-03-27",118.5,118.5,116.5,117.5,5754400,116.057014
"2018-03-28",117.5,117.5,116,116.5,4873400,115.069298
"2018-03-29",116,117.5,114,114.5,13552100,113.093857
"2018-03-30",115.5,116,114,114.5,9905100,113.093857
"2018-04-02",114.5,116,114,116,4813400,114.575439
"2018-04-03",114,115,113.5,114.5,8447100,113.093857
"2018-04-04",114.5,115.5,112,112,11627500,110.624557
"2018-04-05",113,113.5,111.5,113.5,10071700,112.10614
"2018-04-09",113.5,115,112.5,115,6147000,113.587723
"2018-04-10",116,116,113,115,6724700,113.587723
"2018-04-11",116,117,115.5,116,13752500,114.575439
"2018-04-12",117.5,119,117,118,16834200,116.55088
"2018-04-17",120.5,122,120,122,19813700,120.501755
"2018-04-18",122,122.5,121,122.5,5892200,120.995613
"2018-04-19",125,134,124.5,133,58378500,131.366669
"2018-04-20",133,139,131.5,136.5,31403100,134.823685
"2018-04-23",137.5,138,133,134.5,23170700,132.848251
"2018-04-24",135.5,139.5,135,138,28176500,136.305267
"2018-04-25",137,137.5,132.5,134,18290000,132.354385
"2018-04-26",133,133.5,131,132.5,18056500,130.872803
"2018-04-27",134,135,133,133.5,9166800,131.860519
"2018-04-30",134,135,133.5,134,5059300,132.354385
"2018-05-02",134.5,136.5,133,136.5,13078200,134.823685
"2018-05-03",137.5,137.5,135.5,136.5,7886600,134.823685
"2018-05-04",137.5,139.5,137,137.5,19491200,135.811401
"2018-05-07",139.5,140.5,136,137.5,15650000,135.811401
"2018-05-08",136.5,136.5,130,131,28345800,129.391235
"2018-05-09",132,135.5,131.5,134.5,20985000,132.848251
"2018-05-10",136.5,138,135,135,15345500,133.342102
"2018-05-11",136,136,132.5,136,14009300,134.329819
"2018-05-14",136,136,134,135,5357600,133.342102
"2018-05-15",135,137,134.5,136.5,10426800,134.823685
"2018-05-16",136,139,135,138.5,16530300,136.799118
"2018-05-17",140,149,138.5,147.5,42949000,145.688599
"2018-05-18",147,147,144,145.5,16077700,143.713165
"2018-05-21",147.5,151.5,147,149,21077000,147.170181
"2018-05-22",149.5,150.5,148,149.5,14310200,147.664032
"2018-05-23",148.5,148.5,142.5,144.5,22701600,142.725433
"2018-05-24",143,144,139.5,140,17149500,138.280701
"2018-05-25",140.5,142.5,138,140.5,12071300,138.774567
"2018-05-28",135,135.5,130.5,131,26323200,129.391235
"2018-05-30",128.5,133,127.5,132.5,28074100,130.872803
"2018-05-31",134.5,136,133.5,134.5,21453100,132.848251
"2018-06-01",136.5,138,132.5,134,20146900,132.354385
"2018-06-04",133,137.5,132.5,136.5,12559300,134.823685
"2018-06-05",136,137,134,136,13656800,134.329819
"2018-06-06",137,143.5,136.5,141.5,22952700,139.762283
"2018-06-07",140,142,139.5,139.5,11287200,137.786835
"2018-06-08",141,141.5,136,136,10877000,134.329819
"2018-06-11",135.5,137.5,134.5,135.5,6896400,133.835968
"2018-06-12",136.5,138,136.5,136.5,5693800,134.823685
"2018-06-13",137,137.5,134.5,135,7203100,133.342102
"2018-06-14",134.5,136,132.5,136,14295100,134.329819
"2018-06-15",135,136,132.5,134,12357600,132.354385
"2018-06-18",130.5,131.5,128.5,130,17788800,128.403503
"2018-06-19",128,130.5,125.5,125.5,25223500,123.958771
"2018-06-20",127.5,131,126.5,129,16547500,127.415787
"2018-06-21",130,130.5,126,126,17479500,124.452629
"2018-06-22",128.5,133,128,129.5,15661300,127.909653
"2018-06-25",133.5,134.5,130.5,131.5,13968900,129.885086
"2018-06-26",131,133,130,131.5,13560600,129.885086
"2018-06-27",135.5,137,134.5,136,17410600,134.329819
"2018-06-28",139.5,139.5,136,136,17765400,134.329819
"2018-06-29",138,141,137,140.5,22144000,138.774567
"2018-07-02",139,139,131,132.5,17272900,130.872803
"2018-07-03",132.5,136,132.5,134,14305800,132.354385
"2018-07-04",133.5,136.5,133.5,134.5,11074300,132.848251
"2018-07-05",134.5,134.5,130.5,132.5,7965000,130.872803
"2018-07-06",130.5,132.5,128.5,130,14134500,128.403503
"2018-07-09",132.5,134,132,134,6994600,132.354385
"2018-07-10",135,139.5,135,138.5,18198400,136.799118
"2018-07-11",136.5,138,135,136,13799700,134.329819
"2018-07-12",134.5,135.5,132.5,134,14407500,132.354385
"2018-07-13",134,135.5,134,135.5,7707200,133.835968
"2018-07-16",135,136,134,135,4208100,133.342102
"2018-07-17",133,133.5,128.5,130,22184400,128.403503
"2018-07-18",130.5,131.5,129,130,12554400,128.403503
"2018-07-19",131,132,130,131,10943500,129.391235
"2018-07-20",131.5,134,130.5,133.5,13051900,131.860519
"2018-07-23",133.5,133.5,131.5,133,6821900,131.366669
"2018-07-24",134,134.5,131.5,131.5,9509600,129.885086
"2018-07-25",133,134.5,132,134.5,7053600,132.848251
"2018-07-26",136,138,134.5,138,19775200,136.305267
"2018-07-31",139.5,140.5,137.5,138.5,11841200,136.799118
"2018-08-01",138.5,142.5,137.5,142.5,13988700,140.75
"2018-08-02",140.5,141.5,138.5,140,10402700,138.280701
"2018-08-03",140,141.5,139,140.5,7271600,138.774567
"2018-08-06",141.5,142,139,139.5,5501100,137.786835
"2018-08-07",140.5,143.5,140,142.5,14516800,140.75
"2018-08-08",141,142.5,141,142,5787800,142
"2018-08-09",141.5,143,141,141.5,6018300,141.5
"2018-08-10",141,141.5,138.5,138.5,6992400,138.5
"2018-08-14",137.5,139,136,139,7309900,139
"2018-08-15",137.5,138,135.5,136.5,6969600,136.5
"2018-08-16",135,135.5,133,135,12340500,135
"2018-08-17",135,136.5,134.5,134.5,9762800,134.5
"2018-08-20",135,136,134.5,135.5,4245600,135.5
"2018-08-21",136,137,134,135,7188400,135
"2018-08-22",135.5,140,135.5,138.5,8945700,138.5
"2018-08-23",141,142,139,140,9894500,140
"2018-08-24",140,140,138.5,139.5,4179200,139.5
"2018-08-27",141,142,140.5,141,3966500,141
"2018-08-28",141.5,143.5,141,142.5,9064600,142.5
"2018-08-29",142.5,144,141.5,143,7215700,143
"2018-08-30",144.5,145,142,142.5,6358200,142.5
"2018-08-31",141,144,141,142.5,6740800,142.5
"2018-09-03",143,143,140.5,142,6095300,142
"2018-09-04",142.5,143.5,141.5,142.5,4638700,142.5
"2018-09-05",141.5,142,139,139,9691200,139
"2018-09-06",139,141,138.5,140.5,5518500,140.5
"2018-09-07",138.5,139.5,138,139,6144600,139
"2018-09-10",138.5,139,136,137.5,9779100,137.5
"2018-09-11",137.5,140.5,137,138,8434600,138
"2018-09-12",140,141.5,139,141,8636200,141
"2018-09-13",142,149.5,141.5,148,28877000,148
"2018-09-14",150,150.5,147.5,149.5,17043900,149.5
"2018-09-17",148.5,152,148,152,9755900,152
"2018-09-18",151,152.5,148.5,152,20566400,152
"2018-09-19",153,155,152,153,16466700,153
"2018-09-20",156,156.5,153,154,11445800,154
"2018-09-21",154,155,152.5,153.5,10374100,153.5
"2018-09-24",153,155.5,153,154.5,9173800,154.5
"2018-09-25",155.5,155.5,153.5,153.5,9820700,153.5
"2018-09-26",155,155,153.5,155,8254400,155
"2018-09-27",154.5,157,153,156.5,16683100,156.5
"2018-09-28",156.5,156.5,154.5,155,7150100,155
"2018-10-01",156,160,156,160,18876400,160
"2018-10-02",158.5,160,156.5,156.5,20015500,156.5
"2018-10-03",157.5,157.5,155.5,156.5,8358100,156.5
"2018-10-04",155,156.5,152,154,15400200,154
"2018-10-05",153,153.5,150,150.5,12884200,150.5
"2018-10-08",150.5,152,144.5,145,21537900,145
"2018-10-09",147.5,149.5,146.5,148,10582300,148
"2018-10-10",149.5,152.5,148.5,152,11886600,152
"2018-10-11",145.5,148,145.5,146,22823800,146
"2018-10-12",147,148.5,146.5,148,8279400,148
"2018-10-16",149,149.5,147,148,6311000,148
"2018-10-17",149,150.5,146,146.5,11143000,146.5
"2018-10-18",145.5,146,143.5,143.5,11657400,143.5
"2018-10-19",143.5,145.5,142,144.5,12841300,144.5
"2018-10-22",145,146,143,145,6813100,145
"2018-10-24",141.5,141.5,132.5,134,32656000,134
"2018-10-25",132.5,139.5,132.5,137.5,29422200,137.5
"2018-10-26",136,136.5,134,134.5,14352700,134.5
"2018-10-29",135.5,137.5,135,136.5,6990300,136.5
"2018-10-30",136.5,136.5,134.5,134.5,6594000,134.5
"2018-10-31",136.5,140,136,139.5,14188800,139.5
"2018-11-01",138.5,139.5,137,138,9379900,138
"2018-11-02",138.5,142,137,141,22472200,141
"2018-11-05",139,139,136.5,138,11132300,138
"2018-11-06",139.5,141,138,138,10758200,138
"2018-11-07",138.5,139,135,138,14369700,138
"2018-11-08",139,140.5,138.5,140,12311800,140
"2018-11-09",138,138.5,136.5,138,11461800,138
"2018-11-12",138.5,139.5,137.5,138,6162500,138
"2018-11-13",137,138,136,137,11742000,137
"2018-11-14",133,133.5,130,131.5,33317900,131.5
"2018-11-15",131.5,134,131.5,132,17229900,132
"2018-11-16",133,134.5,132,133,13944700,133
"2018-11-19",133,134.5,132,132.5,7469400,132.5
"2018-11-20",132.5,133,131,131,8105000,131
"2018-11-21",129.5,131.5,128.5,130.5,16454200,130.5
"2018-11-22",130.5,131,128,128,9486300,128
"2018-11-23",128.5,131,127.5,131,10980900,131
"2018-11-26",128.5,129.5,126.5,129,13268000,129
"2018-11-27",129,130.5,128,128.5,11661500,128.5
"2018-11-28",129.5,130,127.5,129,10120900,129
"2018-11-29",130,131,128.5,129,9057900,129
"2018-11-30",129.5,133,129,132,16607700,132
"2018-12-03",137,141.5,136.5,140.5,30128300,140.5
"2018-12-04",140.5,140.5,138,140,16915400,140
"2018-12-06",137.5,140,137.5,138.5,14721200,138.5
"2018-12-07",139,140,134,135,20249000,135
"2018-12-11",135,135,131,132,21417300,132
"2018-12-12",134,135,133,134,10517800,134
"2018-12-13",134,135.5,124.5,125,59072800,125
"2018-12-14",124,124.5,121,121,45013100,121
"2018-12-17",122,125,122,124,23578000,124
"2018-12-18",121,121.5,118,124,33905900,124
"2018-12-19",116,119,114,118,29980100,118
"2018-12-20",117,118,116,116.5,13879500,116.5
"2018-12-21",115.5,118,115.5,116.5,15917100,116.5
"2018-12-24",116,118.5,115.5,116.5,8961800,116.5
"2018-12-25",113,113.5,110.5,111.5,13378600,111.5
"2018-12-26",112.5,113.5,112,113,8471800,113
"2018-12-27",118,119.5,112.5,113,24584000,113
"2018-12-28",114,115,112,113.5,12406200,113.5
